tower_Id,tower_area
"3837",9602809.14492798
"20170",40643119.5970764
"3831",3487411.03570557
"24265",42109541.9179382
"3833",11257401.6288452
"24266",42253941.8695679
"7927",21066383.1971741
"3830",1053984.79516602
"40732",6834836.24261475
"53027",34798987.8582764
"40733",20574249.2841797
"40719",28512231.3535461
"16114",33268222.5736084
"53016",30875331.5063782
"28405",4285723.30395508
"16105",23999970.2095032
"28400",3332571.7088623
"36675",3986157.84088135
"28401",6310238.41485596
"40713",18354721.8038025
"36677",4521534.30548096
"28396",1597472.16464233
"28397",2286917.63894653
"36673",3921644.7147522
"28391",692562.768737793
"3865",11564729.3027954
"28392",710837.688690186
"28393",1452892.07595825
"36668",2184729.14071655
"53000",42803716.3243408
"28394",1780683.31481934
"3860",18611057.4747925
"32490",6961923.24734497
"3856",16722854.6634827
"40766",7704813.23895264
"7948",16749736.3267517
"28427",29635527.4441528
"12096",20011349.4797974
"41318",28719617.0448914
"24387",11264135.6890564
"24383",6619192.67602539
"12089",1110456.59361267
"12090",12509401.6363678
"16184",93318102.4382019
"24380",6929028.03897095
"24381",6334908.10284424
"65320",28407351.9665833
"37206",9767550.16912842
"45401",96069157.6232605
"37200",11107970.2504883
"78205",88323814.7121887
"16171",26865683.0159302
"24373",1096393.79071045
"24374",1576112.54391479
"28467",7161046.140625
"90497",60249939.9119568
"37192",8105883.62765503
"49483",43059227.5740662
"32558",80785595.2598572
"12632",41805598.3442688
"37239",18778600.6652832
"49542",48149540.4154968
"29026",37844639.8917847
"12625",23381216.78479
"24920",32588898.2310181
"37232",31932495.0882568
"29012",31707846.0814209
"8582",15790776.8742523
"61818",41884123.4812927
"29004",12278201.4205933
"20864",2866913.78765869
"33158",1579596.15899658
"37270",14299648.7680359
"33154",5784412.14874268
"49555",30485217.5660706
"106971",9010683.03820801
"106967",1673214.85238647
"8609",65219451.211853
"106964",2178786.04171753
"106965",1414009.20645142
"106966",1742736.59619141
"74158",114086415.361359
"45507",3172071.08285522
"41407",13819328.2879944
"70115",16766935.7200928
"45509",7197967.31878662
"8602",25059163.2452087
"24991",7556705.7114563
"98739",97529615.1923523
"37304",41963449.4732666
"24993",24494375.9287415
"29094",189382243.586395
"106958",10173817.8190613
"29088",198325916.164185
"41401",23554944.3118896
"45502",20911598.9590759
"86440",106271933.918701
"24990",12157104.1705933
"33186",13068033.5371704
"37298",61327313.6634827
"20882",21193739.9366455
"29076",74498398.3580322
"45479",24920484.1749878
"29068",46366660.665741
"20931",27348475.7940979
"33170",4909549.09555054
"106997",30271316.4863892
"8638",27999784.8210449
"33165",4288436.97689819
"33160",2821159.81994629
"41437",7908393.9420166
"45538",12765172.6427612
"106983",27519238.5362549
"57823",52317245.0310669
"70132",109782105.708893
"45526",45564740.2964478
"4580",890748.881225586
"4582",3334463.71447754
"4577",1231370.3949585
"4578",1106107.85380554
"16868",26274436.3673401
"74216",5182795.84552002
"70181",21863224.8249207
"94710",64738169.7373352
"41469",20937599.0206299
"29158",3281237.75076294
"29151",1774937.77832031
"8656",28237459.7640991
"41465",20473165.1825256
"53761",42331855.2392578
"29147",905380.950897217
"41459",13959518.6473389
"16853",3092862.82830811
"29148",1071139.04910278
"29149",1592927.6762085
"29143",558204.351379395
"57851",11944940.5964355
"29144",1031890.92868042
"57852",49671227.9059448
"29146",1055204.19470215
"94755",27469812.945343
"29139",946305.296936035
"29140",774039.169830322
"29141",710145.329986572
"29142",1452185.52838135
"4608",12038477.7409058
"29136",260711.795806885
"29137",1564084.61218262
"29138",900061.382354736
"4605",14523105.1897888
"41508",31973374.9498596
"20995",112599214.338715
"57837",56172184.3275146
"29190",84693665.7606201
"53797",63909695.5083008
"33286",76770166.7152405
"66084",38660305.8604431
"29171",14391180.1365967
"49679",11971379.7430115
"45582",71095799.987854
"4636",14878441.6347046
"4637",8776358.92428589
"16932",46715016.8951111
"37446",12000324.2359924
"4631",29861591.4184265
"29165",11776568.0988464
"66068",38752079.64505
"53774",36984227.454895
"25124",847773.948364258
"25125",814660.156005859
"25126",2310834.0718689
"41532",23315345.1112671
"37423",3484029.16552734
"37425",4638852.87185669
"41526",5594341.43579102
"53822",21553612.0692749
"37419",1971550.7171936
"41520",6598811.12249756
"37421",1666315.94924927
"41522",3886600.0715332
"53810",88993363.6169128
"36959",10681656.7989502
"41061",18242552.0346375
"57906",216163886.338074
"36953",12023890.5137634
"29247",8508235.56246948
"90183",100147171.120483
"57440",9447993.29153442
"49241",34284522.7537231
"25141",10354086.9820251
"25136",7804783.90014648
"12842",12455348.1014252
"25138",6925749.76992798
"25132",4488405.22622681
"77942",125298194.929962
"36996",18719007.3319702
"12383",38707931.091156
"49229",29895493.1848755
"25129",2042735.33627319
"25130",2062631.69506836
"53381",129549782.425903
"65607",58536971.7227478
"77981",21290540.1069336
"45168",6333403.38650513
"28751",15778699.7746887
"28753",3897448.40899658
"28754",12358279.4977112
"45208",25343832.3612976
"98450",114918760.683868
"45203",16254425.7723083
"57495",27596324.4338074
"28788",25961149.1051636
"45200",6495320.39187622
"36999",5788493.46932983
"61597",20000375.4549866
"106717",2016153.46157837
"106718",1837999.62481689
"37001",6411853.90994263
"61591",36979689.8515015
"106712",5719122.50817871
"41157",8403263.60366821
"24739",41365202.6897583
"45254",9968870.58065796
"8342",31813287.9460144
"24732",47175239.4224854
"41145",14960007.4663696
"24734",34184295.7601624
"12431",16383625.6277466
"32929",11592020.8268738
"98475",17430424.3044128
"20628",22368988.4158325
"28823",39059202.1531067
"32924",8325640.75976562
"45237",18104989.1776123
"32926",9639996.64315796
"53427",19431626.4493713
"32922",5486560.63763428
"82135",74432726.9533081
"94431",83608021.5012512
"53429",15621855.603363
"20621",14992790.6390686
"32916",5786309.39468384
"57523",119610900.079834
"20616",6994036.13275146
"32912",3939746.22097778
"28812",56195697.1442261
"106741",12231188.0434265
"32907",1821118.27810669
"41183",4475097.33004761
"20671",21707111.0692444
"24774",25268699.3479614
"32905",5651687.69067383
"45265",8236351.85025024
"20651",47779439.2248535
"45266",11325459.1985779
"82168",15832505.8895874
"57555",93870156.4024048
"82169",45462207.7497864
"45261",9922775.71655273
"45256",1597495.27404785
"45258",1750723.91589355
"61654",111081924.088257
"16604",7241711.03466797
"28899",1495310.63650513
"28900",1233487.42300415
"28901",2284568.18304443
"28902",4386687.43664551
"28895",988617.025299072
"16601",3046669.3661499
"28896",814960.217651367
"28897",1455618.71505737
"28891",947604.949005127
"28892",838359.134887695
"28893",1645363.86288452
"28894",1054663.93252563
"28887",867279.104003906
"28888",1207808.03164673
"41200",20810448.0894165
"28889",928502.026306152
"57597",22796805.1001587
"28890",1303327.81167603
"28886",948913.354705811
"4354",14651982.1166382
"4348",14250049.3970947
"24781",41120681.136261
"20682",24086200.1561279
"24775",23980945.3417664
"32977",27217646.881134
"32978",14349622.554657
"4345",20276907.4828186
"24837",404422469.966736
"4341",20673847.4545288
"65774",28119868.986969
"57631",13410866.6971741
"4328",1095941.85429382
"4329",1181218.29708862
"16625",40266373.5088501
"57628",10242639.8539734
"82237",67473588.5906372
"28912",9747163.80966187
"57615",52924575.4608154
"37179",4142044.39266968
"28905",7318538.74752808
"57613",56060138.8055115
"4372",21426559.4716797
"37182",7147827.46954346
"16670",25079882.2079773
"37176",4701629.32949829
"41277",10865811.8363647
"49472",37601355.4744263
"103242",61734530.5259094
"37178",2878548.49816895
"28960",49534941.3485413
"37172",5620590.20471191
"37167",900036.864013672
"37168",2656610.93429565
"37169",2145858.06808472
"41270",4737975.27111816
"41265",9600001.77572632
"41262",11805650.8884277
"86873",5440655.03012085
"45919",24777404.1266479
"24895",10834329.824707
"12601",24812999.7280273
"65838",54919147.6410217
"37711",5791777.12069702
"37710",5963431.21395874
"24879",3894994.26477051
"24880",3945550.89434814
"24877",2982364.89926147
"24874",2052695.6913147
"86895",223124854.481476
"28969",40038404.799408
"13150",62824455.909668
"50053",22095320.2798462
"37754",8094276.56237793
"45948",8136021.90209961
"107460",4789014.24090576
"29533",31430884.4894714
"17232",85336168.794342
"25427",18875197.9814148
"13183",28346138.1316528
"41893",24706156.6418152
"74638",35534455.9666443
"78733",18292833.2277222
"21377",20385565.077179
"13175",60111272.2939148
"21373",11807267.1689148
"33669",5637997.11022949
"33664",4637436.95803833
"107491",7350786.10794067
"33666",5871322.62686157
"33659",1440092.68765259
"33662",2763064.19564819
"33656",4338012.36657715
"29556",45622937.3885498
"74677",24334155.2131348
"74678",48394136.9347229
"13222",69848139.3853149
"58251",37071095.8450317
"21407",26971283.1363831
"99256",50911926.1207275
"107468",5329103.30288696
"70619",18530572.231842
"107465",1926598.96270752
"74721",2067114.7131958
"107466",4402865.60400391
"46008",12469602.3766785
"50103",96064103.4827271
"74711",36137849.2381897
"41904",9454801.79119873
"33694",26648417.0638733
"41905",7008458.96984863
"21392",37828065.7158508
"33675",6889016.66317749
"41958",19569153.3387451
"46052",80360782.1973572
"70659",140858160.602386
"82892",69418913.1101685
"33673",3651779.84658813
"9140",31558591.6828003
"29638",478548.201385498
"46041",12989295.2957153
"41941",10625516.9625549
"21428",39973561.0350037
"33724",63799715.621521
"46036",28295155.7893066
"41936",7215691.9765625
"54234",45839787.6558533
"37891",42180259.8338318
"5084",5436368.54125977
"37893",3451581.84057617
"37894",1120456.63577271
"41990",35361315.0726013
"5081",2679916.40383911
"50180",5700309.53479004
"5078",2915256.457901
"103431",25196371.6716614
"17367",22783032.1773071
"29670",14804945.3950806
"29663",9186933.92001343
"78881",77321965.5900574
"46074",101366196.359375
"37874",73669125.71521
"17355",5970118.78411865
"17358",16804224.3979492
"29654",1900040.27282715
"29648",1697172.65759277
"29649",1480191.00579834
"21448",36860400.9066467
"29650",2396741.58798218
"29643",890283.868377686
"37926",4121701.73931885
"29644",1501928.52090454
"29645",1118409.64044189
"29639",735662.014862061
"29640",1044805.46365356
"29641",987924.616088867
"33742",25107913.1196899
"29642",906930.348480225
"82951",145026818.562286
"70715",56563827.0662842
"66538",356113955.982269
"78909",38999865.7833862
"102999",58824333.5313721
"91200",57704050.0946045
"5153",10513394.671936
"78896",38772008.2244873
"37952",5786626.35873413
"54284",33075198.6645203
"66575",19184121.1954041
"54281",20600219.1042786
"37943",8514685.02194214
"46145",183022249.862915
"25632",1758635.70758057
"29733",25369472.1303711
"25633",2900441.64685059
"25627",1058290.37658691
"25628",731750.317626953
"25629",1890745.7109375
"29730",26248730.2406311
"5127",25990131.1053772
"37936",11031892.3656616
"25626",2018385.92010498
"54334",70496642.7355652
"86623",7689858.16143799
"54327",7871957.56390381
"37932",9499370.68832397
"90719",120521905.272797
"37928",2351699.47454834
"42029",9662675.05960083
"37929",5180813.01303101
"33812",74120289.0004883
"86622",1849714.66873169
"42023",3454902.90957642
"58421",178177150.768921
"37477",26463974.796875
"42026",8279539.86590576
"78418",129048276.059662
"29710",79253731.3853455
"29766",26395246.5813904
"49760",31330407.4700623
"90699",69614975.6706543
"45661",67620709.7436218
"41558",95557561.9941711
"13358",47436734.7196655
"37454",8927087.23501587
"49750",46479824.657959
"12901",24745241.1647339
"37503",7072908.18597412
"25642",8678934.40084839
"25187",76227569.461731
"29736",35510968.2918091
"45701",8315376.54641724
"37501",5960809.39959717
"25179",28344676.9527283
"74396",72182021.5839844
"37487",15221119.1265869
"12875",27021770.2662354
"107200",8896742.93917847
"74388",35243792.6273804
"62077",56671216.0400391
"49777",53570658.0858765
"12933",2737625.81253052
"12934",19086543.4413757
"41635",94302283.757843
"8830",4230449.56808472
"86672",177848115.646637
"53864",164850022.998535
"70342",59439277.6756897
"21115",3022134.98651123
"33412",3548919.87322998
"21118",6045533.83013916
"37523",23070958.6704407
"45725",23083160.446106
"66151",125936472.497131
"45720",20579897.6942444
"33409",3549486.19750977
"12913",37457440.9341431
"45716",25712470.3502197
"33405",2202946.6114502
"82622",89449887.5246277
"37513",16519903.1459351
"62104",82394413.0479431
"45703",8426025.84423828
"107219",7814352.93774414
"82613",43699020.1509094
"45766",12316687.049469
"70374",33322835.6070557
"74467",1186365.37243652
"107212",8881012.96444702
"37562",73533654.7384338
"41658",3592607.97503662
"74466",6342630.46759033
"33442",22900134.6901855
"70360",48751004.2307739
"41653",7519765.03048706
"33435",8459511.22781372
"45747",32570099.723938
"8839",23749237.6109924
"62140",36197195.3770142
"70352",73115805.0310669
"62135",57373250.0401611
"8897",52167570.5267944
"45735",22957632.7462158
"33424",4704478.40795898
"33420",3845794.46224976
"45795",25809652.3583984
"41696",15324984.1514282
"53927",33113289.3971863
"12985",56651297.9510193
"33418",3223063.69763184
"41692",10851957.9101868
"45793",10387543.2191162
"107240",9765898.88723755
"8876",57117972.916687
"4837",12897053.1463928
"4831",1999287.72888184
"4834",6203266.17837524
"8929",34532444.3999634
"4829",2438397.72073364
"4830",1334302.06466675
"82664",78256688.8808289
"8918",38917190.5609741
"8912",37246898.6112976
"29409",5947966.46875
"29403",1858808.32983398
"29405",6071300.0690918
"29399",1313668.72219849
"29401",1426760.6762085
"29402",1603416.08984375
"4868",18373392.8274231
"21201",70303701.963623
"29395",1068551.92196655
"29396",1111985.91592407
"29397",1342881.84628296
"4863",17388031.1096802
"29398",973063.512115479
"37609",148571576.977203
"29391",990552.424926758
"29392",887759.987945557
"29393",1046036.53857422
"29394",1402451.29312134
"29387",647435.347991943
"37670",1533337.75793457
"29388",1083067.14398193
"41764",10233978.4143066
"29389",744787.925231934
"29390",1002509.05792236
"95000",42164618.8632812
"4852",22877535.8872375
"8954",49178763.4664001
"94997",58637505.8605347
"70462",19813605.7434998
"8940",42796946.334198
"37643",1371366.69143677
"78654",50274196.8735046
"29429",15117844.9764404
"37642",5092528.18493652
"54038",69298629.7447815
"4891",8527855.3324585
"29425",12742205.275177
"33519",75513546.536438
"37701",7657933.12026978
"37695",8099941.95022583
"70440",52162127.7388
"4890",7342182.20507812
"25379",2646234.55679321
"25375",1059399.77236938
"25376",1063177.91439819
"37688",6290844.77349854
"25377",1255503.61813354
"37689",4012853.51712036
"37690",6622258.83425903
"58179",159308764.503418
"54071",25846010.8563843
"37676",2695323.02520752
"37671",2798446.86499023
"41772",2028523.06930542
"37672",2094100.46395874
"49968",22670817.4686584
"38243",14964708.5503845
"42342",36863915.2911987
"25412",35571242.9996338
"62252",11417938.532074
"66353",68919220.1441956
"13114",44766508.9305115
"38228",6719683.72302246
"25405",24133988.0049133
"38230",2787818.22335815
"25400",18428132.2426453
"79234",11786410.9229431
"38225",23120592.8667297
"13099",23742468.2670898
"29495",22250042.2093201
"25395",11640528.1713867
"38220",8737652.54464722
"29498",27893831.2464905
"38215",11762889.6018982
"33594",125546794.020569
"50511",37656848.826355
"13670",38030823.401886
"38272",19979806.7600403
"25385",5620326.81295776
"38268",12239129.4253845
"38263",15444028.0829163
"46455",13064546.8955994
"107971",4804630.49816895
"38255",2990576.99832153
"87460",96771926.2042236
"62850",62090054.6561279
"50549",24211794.4234619
"30036",49124251.7287292
"38247",12534562.1951599
"58744",26224706.2223816
"107966",4836566.14840698
"9601",37820811.5154419
"13694",29374096.8831787
"30026",22329689.684021
"107954",7077300.10498047
"9589",16811846.0826263
"99730",76859542.2327271
"21871",10278522.9624939
"34167",6077932.1852417
"21868",7320629.06488037
"34163",3450811.04244995
"54678",15540203.9909668
"107993",17076896.6799622
"34160",4041461.61578369
"34161",1555149.0980835
"34162",1358378.34844971
"42438",6757407.7635498
"107979",10801256.4320374
"34211",32073872.9479675
"46523",27538225.4474792
"9607",25280139.7913818
"75224",1606640.39404297
"26005",41361370.3632507
"58814",73365783.2453613
"42411",1429247.44259644
"71122",40448396.1133728
"46508",16705305.2730103
"25997",17212039.3588257
"95707",77715014.0140076
"38367",65659330.6884766
"58802",48750481.7416992
"83410",108675820.213928
"46565",181889191.506683
"34190",11843546.2680359
"9658",30555088.8241577
"30147",1075256.38076782
"30148",1391711.43386841
"30143",972953.328338623
"30144",796784.198730469
"30145",615054.488922119
"30146",1447330.2666626
"62948",56678162.5739441
"30142",958639.897277832
"42454",28739444.5102539
"26035",35741609.3651428
"5592",26102490.1157227
"46538",8971802.26989746
"17884",20463232.1554871
"30181",5608281.10214233
"62926",311614916.411896
"42487",37932403.9201355
"5581",7376182.40603638
"58879",28072508.7992249
"79394",42044224.5702515
"50680",2515071.50039673
"5577",3527900.71124268
"83489",24956653.6237793
"71187",69146233.2063904
"91684",25409819.7370605
"50682",1216409.50057983
"38381",63780097.9850464
"79379",105915495.376678
"42478",39900225.2465515
"42471",27455261.1299133
"46574",63239859.062439
"38431",6959581.15792847
"9724",5184354.04730225
"30157",2155075.95367432
"5623",13819774.6506958
"42533",24475235.1114502
"30158",3096857.521698
"30152",2436175.87283325
"30154",4295696.17141724
"38423",1693085.01190186
"46626",141688935.434998
"38425",1828938.88873291
"38426",3228439.54486084
"75329",421088450.947205
"42521",7273970.55783081
"34303",87743547.7353516
"5612",18603710.9217529
"67110",49354693.5794678
"21999",51598315.1532288
"42514",19100522.7906799
"91713",140357005.24295
"42503",38789884.4401855
"58892",66738941.9894409
"26148",11702083.9300842
"30243",1421791.55032349
"30244",9832777.59957886
"13849",18368854.3931274
"26139",1760738.93087769
"13845",7999585.40571594
"26141",4936426.6222229
"30242",14272768.4031677
"63044",226901563.297516
"26135",2726097.79135132
"26136",2056586.35202026
"26138",1773747.66333008
"26133",2600828.85110474
"26127",679193.057220459
"38440",9160511.15908813
"26129",815906.448516846
"26130",2512386.2935791
"50731",36389258.4004211
"42085",158342358.960571
"54828",7996842.60089111
"17984",131225958.945129
"87121",11470144.1864624
"42074",94286914.9549561
"26168",34258537.5177307
"37968",14588385.1637268
"30261",83788410.5015869
"62558",121981679.469849
"37962",6810995.19161987
"54349",114614412.672943
"46209",18030285.4972839
"66637",107046060.381195
"38003",9783934.08850098
"46202",7331797.82833862
"107711",4446305.66671753
"42095",170651568.916962
"62589",64418769.3502808
"13444",35195856.3520508
"42147",17394341.9569092
"50285",50227680.7533875
"78983",2432709.97625732
"46242",40019176.8453369
"9333",9955792.27870178
"33923",2615548.21490479
"33924",1735424.41564941
"54427",69869754.4001465
"21619",4255886.7388916
"33922",3668337.56124878
"99468",97305959.8117981
"25715",131667581.573181
"33911",1621814.88037109
"21617",3733172.67169189
"33912",962140.291595459
"33913",2388168.7109375
"87227",138637850.613647
"33909",3920017.74615479
"58511",61253115.8912964
"25763",79348898.519104
"21663",42957199.5589294
"107725",5069365.50674438
"107726",5598899.73519897
"13455",27278181.5550842
"13456",57256101.2046509
"21658",34183249.5323486
"46265",15029947.8107605
"74973",1899621.77200317
"25747",14185361.9607849
"42160",4777934.6980896
"74968",8590346.89733887
"38060",25071286.5806885
"21639",30397023.2068787
"33935",7527431.68829346
"74962",36682303.1074524
"42213",21823211.0474548
"33931",15255985.9848328
"21701",11739226.4004822
"29891",1307393.43017578
"29892",875452.222900391
"29893",1349760.75259399
"29894",669971.258361816
"42200",17452909.9531555
"70903",51636877.9159851
"33986",24490458.2204285
"5339",11379756.2584534
"17635",34836265.5538025
"38145",3965525.63601685
"5333",7762786.20910645
"5334",4325928.48974609
"29925",11369987.9643555
"5327",2694507.98754883
"5329",2764846.14979553
"21721",209548887.512207
"50430",3536375.36578369
"29917",9014447.93722534
"29912",6269087.47512817
"34013",48980608.639679
"54520",96449224.7841797
"70934",69453776.800293
"29909",6838436.87271118
"29903",3493214.41885376
"9473",7006945.25674438
"29906",3169794.89157104
"29900",1953486.64251709
"9468",39378494.3619995
"29895",878991.164154053
"5369",14095566.9909973
"38178",3753538.27261353
"42271",7770721.56524658
"46372",104805664.781403
"54510",53446744.2208557
"29896",1455963.95956421
"54503",48991549.9602356
"29897",1374801.4548645
"38172",1437517.85211182
"29898",1551918.65811157
"38173",1732905.78848267
"42274",10485578.3034058
"42267",11755623.0751343
"50470",26024641.7614746
"62757",15990416.7821655
"70961",34837672.9104919
"54550",74983826.9932251
"5410",11936606.3092651
"38209",18761640.145813
"5402",23914633.3436584
"38204",9318707.69189453
"58632",17418453.3479004
"25888",3884100.12985229
"38200",10234559.2505798
"66827",31207008.487915
"75619",190156009.583801
"25886",3263701.13079834
"42291",130789777.798157
"91432",112772231.939545
"50494",51361377.1005859
"25881",2436313.40441895
"79712",162783182.460419
"91434",29483636.5218506
"25882",1502937.14361572
"17681",26256091.7087402
"25876",852440.10067749
"25877",919549.903686523
"25878",600556.99822998
"42283",10663932.5390015
"46384",187014404.020203
"17673",22485255.386261
"34662",2510196.70053101
"62772",78401343.5707703
"54578",13212204.1278687
"29966",50998292.0706482
"38758",2802279.64385986
"38752",3678254.09777832
"66870",133506111.449005
"38753",5757046.64364624
"25926",14488459.9232178
"30021",24362508.3188477
"51046",60441318.9278259
"42846",47898620.8407593
"38736",8173498.21728516
"108454",2599831.45809937
"38738",11385383.2538757
"51029",58895025.8609009
"10084",1269138.14295959
"46981",30672530.1238708
"34679",6547455.52416992
"22368",4973143.1635437
"14167",28746382.6745911
"46976",23384004.0745544
"34682",5021747.92599487
"34676",4896848.36914062
"38778",25155391.7853699
"46972",24961002.2131653
"34672",4193706.95397949
"34673",3248452.49069214
"14161",56648289.9992065
"34667",4722454.40792847
"34668",3370254.8409729
"38769",3990126.87414551
"46964",24370686.1530762
"34670",4532242.28491211
"38766",4227338.42321777
"38760",1553420.35641479
"38761",3363101.58770752
"51056",30684224.9580078
"26450",83823391.6957397
"83865",16449183.296936
"38762",8690819.61602783
"34720",49316087.2769775
"51053",23163383.5440674
"46954",9325928.97390747
"47011",26221330.2923279
"108463",6631703.22848511
"42912",983103.627105713
"38812",48709190.5332336
"34714",13724196.1125793
"22395",39685563.5756836
"34710",23583510.119751
"26492",34918417.4640198
"10096",20700104.2285461
"42905",26126439.9226685
"63397",20737421.1261292
"63398",18561867.137085
"34695",19332198.9632263
"10089",13456557.0377502
"14184",27270907.7328186
"71601",65719135.493927
"63383",135749414.939789
"10144",45944180.234375
"59285",148416151.81131
"108499",29391965.7811584
"96188",66915034.6414795
"14241",34209947.8116455
"42949",16697691.960144
"42944",14401635.4512939
"42939",3283896.46832275
"42940",5749601.21850586
"22419",12223611.2094421
"59329",57747768.9830933
"22420",1982809.94424438
"22421",1479521.65164185
"22422",7631095.37762451
"10181",35239843.4715576
"75727",328344.460144043
"96225",84075381.2472229
"71629",37766846.0183716
"47015",36535579.4797974
"6078",14468998.4234467
"75724",2526621.21762085
"75725",1272677.27087402
"63407",48132198.8285217
"75726",235252.761993408
"26563",208983527.43866
"26564",336276763.312653
"75721",6528724.68963623
"10170",34967788.2531128
"75722",2803199.01623535
"30661",2742725.96011353
"14255",282881139.813599
"30651",768983.689483643
"30652",830291.793701172
"30653",1392646.89321899
"30654",2412882.81365967
"30647",798165.036651611
"30648",851068.030303955
"51162",241862967.307861
"30649",844868.313842773
"30650",1116045.59338379
"6118",21305173.1377869
"30645",520613.129119873
"30646",1843979.40969849
"26546",112431431.533234
"18404",60424769.4451599
"47047",25352865.2091675
"43011",22482770.7215576
"96249",25810426.8404541
"10201",47652013.7774048
"30683",15958373.1106567
"10189",43246645.5259094
"18383",37907445.2313843
"67599",29356662.9570923
"67601",8298639.12414551
"67602",10065695.0146179
"30673",11225378.1288757
"51182",2887565.09011841
"30669",7766106.8477478
"6136",33489438.5449219
"51177",63480832.7396851
"30664",5597821.41622925
"38939",9470839.2432251
"26628",260474.497955322
"18427",19479290.5422668
"26629",763738.504974365
"30666",6577396.9364624
"26630",795853.375732422
"55331",12142509.2976379
"51228",31443887.0592346
"55329",10554505.5593872
"43030",16599938.3977356
"43021",10465537.5587463
"34882",38742952.4246521
"79915",25355804.8909912
"18466",198949370.027618
"79911",8116179.39624023
"38967",13418640.6912842
"6159",11143701.9302673
"26656",10708064.0947266
"6158",11928497.1986694
"30750",25771631.4318542
"51258",42202576.5770264
"30745",4542409.69927979
"14349",5516339.91470337
"14350",17752588.9353333
"38958",16437723.0357361
"91744",112025688.448181
"2114",9922890.85314941
"2107",2362094.60531616
"38953",10635234.8231506
"38499",2225404.51617432
"38500",6689692.4942627
"2103",2546055.66940308
"26631",956379.976531982
"2105",4589385.67538452
"2106",1952708.58407593
"26633",1081904.97415161
"26634",1413551.69497681
"38498",7908854.09759521
"38488",10622825.6151428
"38490",12058923.2224121
"38483",9527737.95578003
"30780",30834440.5432434
"38479",8722457.03939819
"34380",40452522.0847778
"38481",5220882.65618896
"79484",24211523.2622681
"30777",7429894.47036743
"14375",77416072.7189636
"75386",64806271.1075134
"26674",16633005.1037903
"34437",6532856.0682373
"38534",64909200.3992615
"34427",4850017.17288208
"34430",7330288.78845215
"34423",1885795.88568115
"34424",2228070.79730225
"75424",109688051.109436
"38517",5291239.78158569
"50812",65805567.8442078
"30300",77054929.3292236
"1610",8239657.84292603
"108230",13879335.8265991
"59010",37384605.6047363
"34413",3349941.64553833
"108225",13558342.8924255
"34407",5108789.37762451
"38508",3129757.17446899
"108219",4043807.72232056
"108220",2222130.82437134
"108222",2634374.82055664
"38505",2958086.07440186
"108215",4029899.60198975
"38506",1723965.05773926
"46700",4659111.47869873
"108217",5362906.82199097
"67207",90912623.8152466
"108211",9483500.42230225
"42661",5316494.9828186
"108214",4766875.14825439
"108205",4629877.6083374
"59043",120424369.160095
"87690",114802561.350708
"42644",34658214.5166931
"22133",21186918.7672729
"9833",2509394.07649231
"34440",6710389.99987793
"46738",36063157.0119324
"22126",10860291.5772095
"30322",67331540.080719
"34495",23074055.5033875
"75436",167398709.183472
"46787",11049366.2545776
"22176",21097598.5485229
"22174",17146405.0565186
"34486",16418156.375061
"46778",29780364.5687256
"50872",296656347.612396
"75475",960641.273895264
"46770",21363662.2226868
"18115",18352730.947876
"34528",107466500.430725
"18118",15052223.7592773
"14011",415747269.337677
"104177",12568364.803833
"63153",48515251.5362549
"34520",52764012.1163635
"18108",11884285.1116028
"30403",2744399.33407593
"22205",23475876.5111389
"30400",970897.364135742
"30401",2270422.70455933
"30395",1220607.16598511
"30396",591519.844726562
"95949",115294630.244812
"59104",48544802.3742981
"30397",1087274.24066162
"30398",1204940.57519531
"46803",24885528.3170776
"34510",58479911.1371155
"30393",128222.734588623
"30394",1016702.40841675
"104221",31719721.7100525
"34563",45147916.4416199
"54996",84785977.0131836
"42695",9076119.48303223
"71399",93411546.901825
"95998",41608877.5281982
"54983",40175936.2546997
"18139",89022412.8745117
"38648",3075109.2663269
"42750",37260298.1813354
"42744",23037600.6007385
"30434",14921590.8167725
"30430",12757908.3044434
"18123",23382946.1643066
"59134",15449153.4827881
"5893",25425345.7185669
"30420",6815522.79528809
"83735",89705578.9240723
"67335",36118036.5852661
"59125",48882581.8978271
"38693",10104490.8968506
"104239",66231157.5539551
"30407",3946824.91854858
"18177",24177554.4238281
"38684",12980172.4175415
"30410",2657561.6399231
"5876",21917815.7145081
"38679",6696724.74728394
"38676",2622185.46304321
"67385",91351925.3894653
"18160",71929597.2421875
"38674",1537712.26391602
"55070",54570065.0355835
"87873",34087452.2253113
"18154",44627703.3827209
"30439",46361729.2980347
"38722",23701116.5698547
"26403",12383939.5464172
"38716",7697800.70785522
"76133",81173146.8660583
"30495",1366499.89544678
"30496",8774850.97167969
"26396",7881216.62414551
"14095",6248921.28381348
"26391",2489035.57037354
"26392",1652859.93218994
"26393",4094900.45230103
"30494",1705339.92001343
"5898",36650711.8023071
"26387",2898306.37350464
"30489",20113250.1916809
"26389",2136495.28720093
"1856",876951.213256836
"26383",1483003.95999146
"1857",4583932.16223145
"26385",2229168.10162354
"1851",3845297.18655396
"38697",11517641.0329285
"26386",1973081.55880737
"35173",4814985.7543335
"18185",34194294.1590271
"26379",1914471.91638184
"1853",1763016.41168213
"67918",124897098.672333
"26380",653945.998260498
"30481",25331751.3531494
"39268",3446450.48587036
"26381",1020355.28189087
"39269",3348567.11965942
"26382",1865728.13970947
"39263",3935643.75872803
"35164",1465482.79269409
"26378",1895853.18197632
"35166",1473959.25369263
"1846",5579960.62646484
"39260",3595326.41851807
"39262",1424524.60461426
"39255",5404614.49459839
"26427",28713130.716217
"14133",97852068.3390198
"39252",10376224.0559998
"47454",3684900.39877319
"59745",11312322.5166321
"39246",15615939.3399048
"35203",20244489.9402771
"55633",99451264.2553101
"26408",20379489.7184753
"10586",1941052.39349365
"35193",14236603.7608948
"35187",6378923.38583374
"22877",9634348.6635437
"63816",46343158.5284729
"35183",5919208.44711304
"55680",103335814.948151
"35185",4027245.009552
"14673",34474714.4461975
"22869",2154430.18841553
"39275",6781632.1541748
"26964",48971487.9875793
"35178",7476266.2232666
"39271",5007803.89715576
"35237",26073584.3340454
"39274",5247434.64572144
"108984",3545393.97341919
"108985",11507070.6036072
"108975",4355445.90197754
"88463",125582834.928741
"10616",53626716.4187317
"76227",805257.948181152
"84366",16474439.3516235
"108968",3764195.5881958
"10609",25269920.0935364
"27006",20284776.0759888
"35218",18944497.0879822
"43412",1385734.30453491
"43413",671153.976623535
"10601",25458576.6585999
"10655",33538555.3848267
"31082",94486698.6521606
"14745",50141080.3344116
"22940",31926692.2799988
"27042",24984490.5933533
"43449",13361406.9329834
"47543",19558548.4877625
"80352",88347867.6212769
"35249",21128797.9289856
"43443",8531661.71621704
"35244",17670029.7631531
"43440",5743795.88775635
"22928",26511270.7017822
"10633",29983562.7310486
"47535",31637588.7592163
"35295",79085678.6954956
"6588",11400438.0635681
"39391",57308379.8059998
"43494",15845922.3937683
"10681",39739025.1591187
"43483",9753080.58825684
"31172",8303072.28579712
"43484",14038488.9032288
"51681",889874.999908447
"51682",1024138.13513184
"39375",45815393.335968
"22963",45539200.9844055
"96718",16574912.1265564
"31166",5640731.75531006
"22966",42925490.0671082
"18866",9463300.33621216
"31161",3272705.04620361
"10665",13699877.7089844
"18861",4743233.00817871
"31156",1407459.62017822
"22955",50595307.0641479
"31157",3273634.98156738
"104984",19761421.5346985
"31151",1410849.06564331
"31152",2215505.09292603
"39427",1573395.46075439
"39428",2860535.09295654
"55761",52551705.2021179
"39430",4318952.94775391
"43523",24080832.3607483
"31148",1646133.39178467
"31149",1472689.24853516
"10717",42573488.9479675
"31150",1222376.01797485
"43526",12514898.5231628
"43518",30301239.6546936
"6609",29954346.4573975
"80420",119564000.018188
"27098",7005684.46246338
"80411",3103793.74697876
"72218",25263436.8803711
"80412",1059680.6930542
"80413",4035062.02539062
"68111",20807522.2503052
"68110",17951263.2182312
"68103",3924124.86288452
"80406",42228200.143219
"68104",1755615.64712524
"72201",57758325.7129211
"39457",9572110.83413696
"80397",50104127.9895935
"27142",1186351.52270508
"27135",639282.796356201
"27136",1371915.68206787
"27137",1211462.62124634
"55845",66489375.6279907
"27138",917044.206207275
"27131",1510485.11437988
"6635",32294192.3713989
"27132",846201.114501953
"59941",65549112.8075867
"27133",1108319.4932251
"27134",1499113.25796509
"39446",11769869.4458923
"2595",3795720.64871216
"27130",307303.667175293
"55838",26465400.7712708
"55831",17336857.9395752
"55832",7679970.08798218
"2591",5387801.94961548
"59927",155233913.493195
"18925",45725278.8454285
"39433",8545347.57452393
"43530",10431314.2234802
"51725",25796664.1416626
"6668",27620740.8535461
"43571",84907622.4004517
"2627",6039119.40103149
"14859",43669018.8536987
"27155",6571446.43936157
"35368",229305776.699768
"27152",6877299.98748779
"34915",4899325.87280273
"2620",13461617.7305603
"39011",1261936.64398193
"27148",2443240.8572998
"27149",4693515.45446777
"2615",13639657.0674133
"34913",1742336.24639893
"27143",1641380.70303345
"34914",1910218.94522095
"39008",1908475.52386475
"27145",2158805.24960327
"2611",12869245.2001343
"39010",1558760.28497314
"39006",3926673.32299805
"2605",11949385.5084229
"92233",149399814.229126
"63586",80671419.4439697
"67698",157170396.227295
"10335",6135201.57574463
"31281",13260075.1537781
"27175",15658124.6107178
"34939",7204849.77371216
"63574",52501816.4558411
"10334",2241223.14666748
"22630",11619587.8201294
"31274",35117337.1058044
"22619",5300180.81719971
"34934",4785818.49069214
"30812",138397921.698853
"34924",3648042.51806641
"34925",2572233.04415894
"26708",45411224.2200012
"84123",105319931.491089
"108733",7097288.83300781
"39017",3180356.60223389
"108724",4792925.36264038
"26755",6419325.28820801
"108722",6802982.37493896
"26752",17267777.8403015
"108717",3555045.87536621
"26754",6039836.13739014
"75974",3048314.20947266
"59555",47982609.9947815
"14452",65706516.1664429
"43160",10409926.6460266
"34959",33647184.2426453
"43162",2678821.18197632
"43151",38909623.5899658
"47253",32310540.1856689
"22634",8462798.55493164
"47295",15730599.709198
"88242",39469188.2810669
"10383",36405881.9544983
"26782",69657059.1500854
"47288",19495370.8731079
"14475",88891212.5238342
"34990",8732277.2265625
"22671",10585388.0094604
"104701",19720021.691803
"22673",5895067.871521
"71888",56559327.1089478
"96486",117015751.526398
"84179",100817778.187622
"6333",14510576.0484009
"18629",27477465.0811768
"75975",1703395.27581787
"96468",20206044.7328491
"67842",46922759.6459961
"51430",1165877.75439453
"18616",10504305.6878357
"30912",1872866.06225586
"30913",2890385.88259888
"30908",3617330.39700317
"43220",26541295.0987549
"30909",4059557.890625
"10414",15918261.8822327
"30903",908137.110656738
"30904",2466648.42935181
"67824",153825619.798584
"30899",691146.956939697
"84221",124191854.352905
"30900",1086793.23483276
"30901",964078.122772217
"43213",27593905.2497864
"22700",50912990.0078125
"30902",1684811.12634277
"39113",309376822.66806
"30897",1325687.14831543
"30898",836955.627990723
"84212",53203721.3057556
"6365",10291465.1994629
"6366",14251566.057373
"84207",42061299.9443665
"22751",35578301.4460449
"10458",50159007.0411072
"43261",13660027.0449829
"6353",38580240.8734131
"71964",12384055.2946472
"26846",57044768.6078796
"80160",7259701.05273438
"10444",36194838.3692627
"80161",5476520.40139771
"71961",43392806.5811768
"67855",15294729.3144531
"39148",16389409.4335632
"39149",2921260.42514038
"59635",16077621.7992554
"30928",18123630.290802
"67854",3056415.68395996
"55535",58765280.6834717
"47342",164957355.916779
"51431",475946.899261475
"39201",15273891.7705078
"51432",2975758.6763916
"26883",1311319.73654175
"35102",133019675.333344
"26884",770245.29800415
"26885",789901.605194092
"26886",1428218.25744629
"30979",48715009.458374
"26879",448199.085266113
"39191",9068578.09234619
"26880",1066262.64083862
"26881",637574.061035156
"26882",981875.17175293
"101215",89705664.8666382
"80193",156858707.322937
"10477",38430865.675354
"2342",5031615.46469116
"22768",226634878.388794
"39176",1799066.01165771
"39178",3859433.96002197
"39236",20716030.8226013
"14620",51508550.3297729
"30953",67678079.5576477
"68454",8519522.35574341
"39230",15389116.4242554
"51520",53832643.2510986
"6414",15152826.8612976
"26905",6006506.85467529
"2372",5126463.35095215
"2374",3266555.3140564
"30995",11919497.0950012
"26895",2353942.27566528
"35683",9753375.59341431
"26897",3525172.57022095
"26891",2837508.81546021
"35686",9207483.27716064
"26892",1176894.1088562
"26893",2137165.04190063
"30994",30274029.3634949
"26894",1598071.33172607
"26887",1288400.11587524
"35675",6519995.31896973
"39776",5947551.13372803
"26889",2207805.3404541
"39777",8880656.01528931
"26890",1746864.60925293
"47972",25625164.5753784
"2357",6610875.18331909
"39772",5989153.18740845
"2351",11118495.2520447
"47968",26312790.9221191
"39767",105819.097808838
"2354",2917184.68392944
"2347",5827950.61901855
"39769",5090686.93405151
"39764",3234324.00732422
"39765",1926742.00808716
"35665",1461840.25671387
"39766",2679997.03210449
"39759",7819482.38259888
"26938",105107771.276733
"39762",4825424.44619751
"39755",12969231.8605042
"109473",7775901.91217041
"31027",7620917.0617981
"31028",1771881.85995483
"31029",3468410.97418213
"68455",42455402.1619263
"76654",94349222.6658325
"27494",17801743.502655
"11092",21605204.2658081
"23388",7809864.24090576
"27489",55544386.905365
"35700",20769710.1139526
"11087",9042624.21524048
"39796",70458710.6579285
"23386",6311010.75317383
"84902",182416082.438416
"39791",14027049.4014893
"23379",7070200.53689575
"39790",14383256.5673218
"23371",1788554.84057617
"109495",1628941.42364502
"109496",2471919.56762695
"109497",4173558.71514893
"47982",30023043.437561
"35745",6852120.22320557
"23370",1443057.91253662
"47977",24670669.7191467
"23427",28282234.8558044
"109494",13504699.096405
"109487",7104807.92871094
"11128",65058101.6266785
"48032",34668084.1317749
"39832",174135835.57724
"27518",50324433.611145
"76728",1752206.11764526
"7077",2760695.95513916
"7078",11023528.0058136
"43914",4921378.77581787
"19360",1341793.2086792
"27498",12179344.1611328
"31651",3698730.52362061
"35769",22050769.0337524
"31652",1914736.62365723
"35755",40025422.3482666
"43957",25872427.6223755
"15246",127654305.747406
"97251",34748492.2624512
"60350",60415400.1477356
"60344",43659468.0227051
"105460",2412213.69555664
"105461",2299399.40322876
"60331",35465932.3246765
"44002",15417437.5099792
"43995",6139930.28610229
"7088",16721088.8366394
"72706",22093982.1327209
"43992",13752531.6975098
"7085",13751558.6640778
"31675",6755543.59710693
"39883",910528.247741699
"43984",11108047.3696289
"43980",26697275.853241
"52182",9660943.0803833
"68587",61110823.9269104
"11238",78039768.894104
"31663",4918743.56503296
"31666",6880761.33743286
"39941",11335030.8887939
"7133",28473729.6977234
"31660",2180645.89938354
"105489",25192554.896759
"7129",14340982.4380798
"11223",6623697.33407593
"31656",3380900.91851807
"80877",150548541.33725
"11225",11845400.2189026
"39932",6146814.0196228
"105481",13333235.5656128
"11222",8708609.06091309
"39930",3008075.22158813
"64515",31056288.8642578
"7113",17550190.5274353
"7114",31801235.0392761
"89120",32513482.7063293
"80916",20563654.7039795
"7165",19861160.268158
"39969",30101584.9869995
"93205",85348652.026123
"52259",27935625.6686707
"27654",5694948.92733765
"27647",3014785.10028076
"27649",4195311.67208862
"27643",1949555.07818604
"15349",1882256.54867554
"27645",1715556.23269653
"19443",104675973.920593
"27646",1416816.95812988
"27639",779015.294586182
"27640",1113979.23669434
"27642",1991486.8840332
"27635",974283.900299072
"93252",22203277.3101196
"27636",1332946.58184814
"89152",147863451.292664
"39948",7390626.7388916
"27637",585994.638885498
"31738",28343330.0210266
"52244",46391245.1912537
"27638",594677.806854248
"27632",1020506.31954956
"27633",788986.317596436
"27634",1215969.91680908
"3100",13813565.7017212
"44039",51395568.5812683
"93244",60268078.8896179
"7192",5822513.58654785
"3094",14253396.6351013
"64529",104226229.030579
"31782",17203281.2819214
"19481",153685559.141785
"3086",3964891.10757446
"80485",65144656.5024414
"64581",44290554.783844
"52280",55796890.8753967
"64573",42958856.6821594
"3128",9535188.1468811
"23621",1412613.71289062
"3124",5111003.25204468
"35421",7598405.73657227
"39515",1868902.76806641
"35415",1119686.72875977
"39516",610424.92288208
"31754",70335826.2179871
"39517",4263260.78594971
"47711",20923715.5933533
"35417",3181645.18511963
"39514",1033049.621521
"35414",1882031.81692505
"47709",11381669.005188
"109219",6700917.0760498
"35410",2207861.79211426
"47705",6709757.6060791
"64102",67373467.7616272
"109222",6209812.17144775
"109216",4770956.97491455
"10847",18430718.348877
"35455",17458110.7644958
"51790",69782132.4225464
"39554",57840880.9656067
"76393",57763728.1177673
"23138",11623618.9600525
"10835",3432262.62390137
"14936",35055142.1664124
"23131",10177343.0831299
"10837",5650465.89710999
"35440",8848443.03753662
"43642",115741536.685211
"39535",19957918.9196472
"23124",6852084.27218628
"72345",301690931.506592
"51832",173883090.47998
"23125",7006888.5100708
"23120",2335005.65930176
"109245",16563482.0406494
"35492",4331379.66848755
"109236",3348132.7585144
"27209",28887100.9580078
"109231",20386768.4310608
"60011",38149793.6611328
"23169",21440135.3721924
"109227",8978015.4385376
"60008",14067587.5401001
"76477",1802412.42410278
"76473",50734421.2679749
"27247",11342757.2903442
"72367",128952307.143219
"39559",33937186.1636658
"43662",4944714.39297485
"10918",27085902.3819275
"51857",145378744.520996
"10911",42458909.5115967
"47758",27986214.455719
"19110",3935229.4022522
"35515",21181046.0805359
"64150",76091249.7227478
"10903",29161897.8172913
"72416",105020566.634003
"31398",2541983.19692993
"14995",6208284.29089355
"105219",25514117.218811
"47806",105727380.904297
"23194",68434845.9030151
"72407",55041429.4195251
"96995",64567413.2797852
"6849",26118172.8873291
"39652",16590845.1106567
"68356",4772095.70941162
"6841",25022270.0201721
"84689",151203102.113129
"31369",53861963.4208374
"105196",32765903.7219849
"31427",9972792.72860718
"68354",4431790.39868164
"68349",31328405.4542542
"51931",4157268.52166748
"43738",15326013.0958252
"51932",2246195.71862793
"31419",8461519.1227417
"96972",22208438.5950012
"39631",11790085.1846313
"39632",1893511.75326538
"80635",38268368.1688843
"39633",22363455.1876526
"19122",21833198.9628906
"23216",24520137.3441467
"31413",4125335.0319519
"19112",4477876.60583496
"31407",2331520.36413574
"31408",2074623.85247803
"39683",6338011.42800903
"19114",8483738.01037598
"31409",1828843.01461792
"31410",2397947.72454834
"43779",8877465.84442139
"10973",15288561.3912964
"60114",87205535.6928711
"31401",2628194.62658691
"84712",14964544.312439
"64200",62303344.9561157
"31457",35360541.2612
"43760",21861099.6961975
"80663",2922259.0614624
"80664",2086235.58349609
"80659",9944753.14352417
"60147",38428310.6275024
"27395",1802401.05737305
"52003",46510670.7280884
"60141",40433673.4916382
"39710",17254646.4293823
"15097",1227369.62988281
"27392",1885904.10696411
"6896",22019678.0608215
"15098",6718237.76635742
"39706",11212506.0483398
"27387",1394338.52069092
"27388",696080.591064453
"27389",1191177.44192505
"80703",136805389.457886
"27390",1846884.74453735
"27383",1363216.14633179
"27384",1340794.02505493
"27386",1541479.76651001
"27381",696245.273223877
"2847",5919832.53378296
"27382",923932.277435303
"39687",10291491.5627747
"47889",126533874.574554
"51986",30047142.0633545
"6939",7642420.18551636
"2839",9694934.33657837
"39750",17072149.9666748
"6935",8819059.52081299
"27427",9481443.08544922
"31466",65257940.8301086
"6928",23739491.4544067
"39731",26297420.8819275
"6924",21876115.4741211
"27415",42496090.3256531
"47926",17089133.4538574
"39722",26949431.7745056
"27404",4969339.03363037
"40286",37480267.8171692
"56106",78412434.6069641
"40276",10590777.4935608
"36176",4890333.39071655
"60774",155978240.243439
"36177",4558230.32928467
"36173",5012790.29629517
"40267",2223426.92675781
"36167",1144115.57284546
"40268",1389324.94625854
"36169",1330291.17431641
"40270",3627931.38412476
"109980",9134169.83013916
"36170",2471365.59518433
"40264",6792094.16665649
"77169",148705937.815094
"23907",43829628.2532349
"15714",117197988.774536
"28004",27717357.671814
"60750",17898834.728363
"15699",109906323.836456
"23896",12901517.5671692
"11601",29209192.1251831
"48503",27271975.6643982
"48499",34533609.2036743
"36205",13600445.3082886
"23894",14422374.0372925
"40295",73436640.2104187
"73104",100018532.094086
"23881",7640195.16378784
"15744",241581643.615845
"110001",2285591.00576782
"109998",2500936.16134644
"109991",4529048.25357056
"36245",2203399.8899231
"36246",2768486.89492798
"109994",3566542.9140625
"56738",33250056.1537476
"52631",256081487.573395
"23925",22722074.3265076
"36237",29666815.4917297
"15725",80182635.7882996
"28015",12503515.1731567
"73135",54707940.4255371
"7584",21696542.2776031
"36293",75815962.315979
"60819",59618213.4047241
"64915",191369961.445648
"11682",45080851.2818604
"19878",23578734.4272156
"44486",16802821.5887146
"23973",73044739.7062378
"77230",10251067.9016113
"32161",2691610.7628479
"32162",1834904.8421936
"32155",1617096.76425171
"32157",3133683.47637939
"44470",18512298.2801514
"85474",61605693.0851746
"105975",15109001.3939209
"28049",19686133.8581848
"32150",6654429.53613281
"81363",122298904.009216
"48552",35221916.0357361
"44517",30572458.0164185
"24005",23897473.4177551
"105963",1179423.28240967
"11704",48118562.2608948
"105964",3287323.17495728
"36311",68978542.0507812
"28102",75111223.9872437
"32195",27968095.6679993
"105960",1351171.46548462
"81354",22095229.0264587
"105961",1302102.68310547
"44510",15320074.4934998
"105962",488354.774597168
"44503",7355084.82678223
"73211",7860304.39178467
"44504",1121496.11447144
"32185",29657253.3666077
"101911",46799016.5044861
"101912",621075.318817139
"69106",16761488.1969604
"60888",33223764.5663452
"32182",11540944.302124
"32175",9020983.73858643
"40451",9918931.2796936
"48584",190400280.613922
"7646",38988410.7609558
"40447",6729511.89746094
"60880",43182084.7670593
"85487",34643393.8010559
"40448",6875031.05603027
"52679",25162194.8299255
"32167",4712549.73373413
"32169",6604642.05566406
"81390",45685808.1282959
"24032",362127822.62616
"28134",1254749.44204712
"56835",19439076.9414062
"93675",99167704.8219604
"40442",13965920.3177185
"40431",2710920.37765503
"40432",3608125.28189087
"44534",5624259.99807739
"52729",19141830.2711487
"19913",56156905.8016968
"89625",16333184.7395935
"15871",38290464.7121582
"24009",37330333.4143372
"73223",35799624.4498901
"69190",156434345.594238
"89615",21441539.6417847
"44578",74726086.0579529
"77381",70575560.5021057
"28156",5728340.0012207
"65059",154079774.442108
"3619",19568843.1306152
"15851",4452463.11550903
"28154",4404786.51339722
"15853",13291102.0420837
"28143",1030106.88339233
"15849",1947241.50427246
"28144",1521724.49777222
"15850",1363711.17453003
"36420",2711774.68408203
"40457",19898923.5089722
"28146",1620502.97283936
"36421",2031129.34799194
"28139",1054795.45547485
"28140",1695850.89916992
"3614",13340276.5107727
"28142",1018220.30880737
"32235",28058427.4118958
"36417",2613654.7093811
"40518",4461588.26748657
"28135",1029687.37176514
"28136",1011852.31713867
"40512",7776916.92172241
"28137",813062.695678711
"28138",265141.753936768
"40500",21854922.6340942
"56887",20399267.3274231
"56888",30354443.528717
"35941",10319519.7550964
"89175",156180060.163483
"56882",51932682.1236877
"40031",13194148.694519
"35931",9696513.18554688
"3635",8405678.09909058
"3632",12978176.7237854
"35929",7371303.94821167
"24123",2483889.10269165
"52319",57117887.9720459
"35919",1885100.95053101
"35921",5898697.26956177
"24122",1846682.1210022
"28216",16712170.666687
"35916",566665.164916992
"35917",1976631.75738525
"40018",1148186.71630859
"35918",1650156.54229736
"48209",12588037.5186157
"35971",33406162.5599976
"11361",34611899.2165833
"76959",144284483.713989
"89198",104395698.301483
"23641",9435382.83303833
"15440",77896443.9617615
"23635",10109612.2331848
"48244",27874391.8352356
"35944",10320813.0970459
"48239",27332132.0033569
"23627",6997994.88308716
"97440",102525328.839142
"11393",54372559.7069397
"109748",1712614.9715271
"44197",15187567.8739014
"109750",9023534.50643921
"109744",3361498.39050293
"35992",10452175.5691223
"44194",8352011.94024658
"35994",2162827.82977295
"109742",10004612.4926147
"72894",63712750.0545044
"60578",59193937.3899841
"23669",22833512.7670898
"35981",44018755.1644897
"27763",17333861.2808838
"27764",4036580.01516724
"48278",48071387.4940491
"97471",13969371.6424255
"23662",57422923.8199768
"11424",30195597.2612915
"40133",10351214.6962891
"19618",19569916.5098572
"19611",2615206.57565308
"44226",25486224.2620239
"19612",2787247.65551758
"31908",4084327.34118652
"31903",1797558.00415039
"44215",17826394.130249
"31904",1085913.06762695
"31905",1626488.86727905
"60613",52874667.6577148
"31906",2048513.08630371
"105727",8917425.71728516
"27796",15255248.1216431
"27797",6472361.60253906
"105726",9135648.65396118
"44204",16852476.4138489
"36067",68942507.7772217
"105715",12625997.0209351
"23690",72955448.5010681
"105711",793512.118347168
"105712",966858.80682373
"60593",26050961.8854065
"105713",2206565.04574585
"56493",57504843.5174255
"44255",8015244.80090332
"23750",37170157.2909851
"7354",29688385.0169983
"23744",90401597.5445557
"105709",542945.651916504
"105710",1554001.92294312
"44247",16582817.7162476
"68857",2389029.07345581
"68858",6525901.53921509
"60635",22723580.5473633
"19633",25072768.0518494
"31928",8151941.29067993
"31921",9815963.53225708
"40196",5565675.14767456
"60630",20131636.9916382
"31912",3184195.94537354
"7379",16032222.9390869
"40188",11333793.5842285
"68897",95321002.5808716
"19678",23680927.414978
"44284",5659645.46191406
"7375",37949793.8421021
"105736",10629250.9240417
"40180",2181026.37384033
"44282",11286928.7955627
"56571",60647986.8770447
"52473",20683601.4824829
"3334",6308925.88742065
"93463",99555638.4468384
"31949",46389541.4222412
"81163",13925863.4071655
"48420",109000636.015717
"81164",7552067.63034058
"27908",9895313.63345337
"68930",75431915.795929
"52518",33447040.967865
"60649",36300035.828186
"68924",27591672.7197571
"7410",42374204.1677246
"27902",4898878.86209106
"15600",1230477.11856079
"27895",2180761.65710449
"27897",3171379.3164978
"7401",31996777.1208191
"27891",1251745.0100708
"27892",885714.694946289
"27894",1103362.52609253
"27887",1055018.57833862
"27888",733077.405700684
"27889",1156212.87606812
"27890",2077155.63128662
"27883",999430.456481934
"40259",10892267.4909058
"56591",18978307.9360657
"27884",982133.567382812
"27885",608171.567565918
"27886",1254717.44900513
"36162",1147185.85284424
"44356",180951938.062622
"56587",9758677.68826294
"56586",4091687.49768066
"32032",17989989.6961975
"7436",29236119.7316284
"40246",26596295.9441528
"3337",8345064.53930664
"32028",41809920.109314
"27930",32318017.3579102
"40242",42178889.527832
"69455",46870734.0656433
"73557",59299380.970459
"48427",14706430.3910217
"27911",17389804.8486938
"23875",8458402.01519775
"64815",42002814.165802
"27971",60534938.0720215
"3375",16019261.7163086
"23872",843709.681793213
"23873",2228496.31903076
"15672",33959008.1748962
"77641",50939176.7831421
"57189",5936835.287323
"53090",103555025.173279
"36688",12185385.9575195
"36690",6030493.21206665
"65375",152555847.356689
"15656",91500862.4867554
"36679",4892507.37322998
"36682",4954331.55905151
"53072",31468229.4788208
"32045",69230951.1442261
"61263",42542219.0317688
"12120",33847906.2928467
"49017",58371564.8977356
"24405",22261985.7320862
"36717",37633311.4302979
"44911",19874366.0663452
"36711",22592017.7452393
"24402",15341639.0891113
"28496",13498247.2015076
"28497",7923601.80990601
"40810",12720024.627594
"44963",17458594.9850159
"12157",32073516.7724915
"73669",48063129.2980652
"28545",39772407.7698059
"28539",24963613.0254517
"106467",4032078.6479187
"36758",18164434.6138
"61343",19661940.1274414
"28535",53685139.2173462
"106463",2635746.6401062
"49049",34137607.7496033
"106465",2092550.05755615
"106466",1768713.8180542
"106462",2325284.8742981
"24423",15212969.541748
"20387",31572115.3851318
"28519",25863764.1306458
"106447",9205188.04367065
"32622",109704774.653015
"106446",6489114.73254395
"40894",28835041.2461853
"98229",50886878.2528992
"8080",11159143.2407379
"98224",7445575.11767578
"32668",5280779.4803772
"53177",2717789.10742188
"53178",5638901.17282104
"20363",2745445.88668823
"32660",3425754.97131348
"32662",3850692.8359375
"12230",32922283.135376
"32656",2344766.48828125
"69582",195352087.835571
"28557",45362488.5200195
"32658",3169922.03799438
"40933",4330076.56665039
"106480",16293804.9123535
"57261",87002025.913147
"65454",55662500.8635559
"90116",5509035.93948364
"45007",1420094.73632812
"45008",1367729.91854858
"32697",36153094.0541077
"20396",56835927.4053955
"45005",2495795.67709351
"45006",1090079.86853027
"69613",18184709.1495056
"81899",55033137.1984253
"28643",1152128.81591797
"28644",1358340.52178955
"28645",878997.072540283
"32682",8951088.32577515
"28646",1839637.03939819
"32739",10067414.6751404
"28639",1035760.2616272
"28640",1297721.88113403
"28641",1593120.2119751
"32742",17426364.0454102
"28642",622984.858459473
"40954",13138993.8251343
"28635",935068.433807373
"28636",1046981.86975098
"28637",1056793.89102173
"20436",59285749.9430542
"28638",961065.575500488
"57342",31323602.9517517
"45039",9465478.16796875
"8195",33757606.5836182
"32729",35860713.0492859
"40939",9276894.78253174
"40936",7175382.26806641
"65528",32320337.9613037
"57329",58339789.6801147
"28675",21472163.2681274
"32712",55270386.0551147
"36889",48856287.7721252
"8182",29371371.8755188
"4081",4651527.47445679
"57380",13779233.7402649
"101989",40722688.3959656
"28667",18020028.444519
"4078",379027.478790283
"57376",66656756.067749
"40982",29773313.5361023
"57378",18921513.5509644
"8170",33540919.2219238
"69676",94513466.0611267
"28658",5471422.7649231
"36933",2654031.6138916
"36934",9516249.83554077
"41024",5000489.52249146
"28649",1157977.04278564
"32744",51618874.5554504
"16414",56577753.5137329
"41021",5585431.19378662
"36915",2819709.51467896
"36918",2488967.05413818
"32802",46471943.0198975
"45114",153074001.871124
"16400",99811627.0895996
"69206",17477058.5041504
"57397",119341365.464294
"36448",11639791.3977051
"24643",12338630.5715332
"36441",8832005.6625061
"56933",57949624.3187561
"56934",12138263.2466125
"4141",11055728.6772766
"4142",8085240.16629028
"32834",194398464.352417
"40532",20232804.4919128
"110243",2586162.94882202
"4137",8522860.63577271
"24623",2597077.91943359
"40524",4444777.30566406
"40525",4813823.18127441
"24626",2983107.12463379
"40519",2790855.3374939
"40522",4550729.40734863
"52811",52379731.233429
"85620",33651877.3659363
"48713",25792966.449707
"44666",2715301.23510742
"48759",29411537.4162598
"61062",64559253.3910217
"11858",31606741.9852905
"40566",44121114.8338318
"40560",16775953.5748596
"24149",13728554.6062622
"28239",77963442.6858521
"65144",82899755.1693726
"77458",86398334.428009
"36513",28514321.1368408
"11901",35174903.0893555
"36510",16011951.9274902
"110251",3016857.16433716
"110253",1530858.28433228
"110254",5929671.86398315
"110247",3306541.64260864
"36502",22807455.3919373
"110249",2169267.04016113
"44697",7288052.59378052
"106213",1595920.88388062
"106214",780895.346313477
"36498",6710564.10244751
"11884",48333084.5042419
"44694",8919455.55499268
"36494",5854825.42810059
"97990",70444857.5001831
"106195",8774693.73724365
"40633",27092042.8367615
"32415",5150223.1373291
"97969",53925870.3458557
"20116",9230784.65731812
"32411",2356625.70281982
"44724",16763423.6878967
"36524",56991026.7237854
"20113",2251686.31039429
"20114",3428182.0715332
"106235",5478866.17849731
"36519",17272054.7184143
"32410",2305044.84362793
"106237",5054377.39251709
"32404",4537011.01318359
"44716",15307205.0352173
"11972",47299381.6972656
"32405",1436397.88925171
"106231",4905474.8067627
"81625",101436625.328125
"7871",31079047.5701294
"106232",5460483.65957642
"106234",6059642.63238525
"85715",69523467.4205627
"36576",291289050.639832
"61110",95074737.7789001
"11960",58780367.5593262
"106221",17231217.3638
"24251",26332685.946991
"106215",989753.067016602
"69371",58833494.4453125
"85705",107071876.594116
"57062",89770308.5192871
"24247",21726015.5361328
"32449",20444860.600769
"44755",588194.149780273
"44756",1445206.79537964
"44757",1670900.32244873
"44758",5405118.65997314
"7849",30323672.3459167
"69359",9760538.42883301
"73460",6670849.97103882
"73461",2922004.24005127
"11946",63867333.6647339
"48848",94565680.9324646
"81651",36024699.4541626
"44743",24019038.0456238
"16100",2278777.56771851
"73451",110752747.176483
"57042",86619341.5679016
"93944",111459845.36853
"28387",956669.103302002
"28388",963616.168182373
"28389",1160351.00601196
"28390",605373.679382324
"28384",514189.567626953
"48898",158247004.07193
"28385",772120.004760742
"28386",801052.923400879
"52993",36151989.6020813
"85738",24156270.8927307
"52988",31519660.8574219
"44787",9000568.21362305
"40687",8307273.84091187
"52983",29205443.0162354
"3845",12370177.6386108
"44786",4753160.98382568
