<?xml version="1.0" encoding="UTF-8"?>
<metadata xml:lang="en"><Esri><CreaDate>20161206</CreaDate><CreaTime>22524100</CreaTime><ArcGISFormat>1.0</ArcGISFormat><SyncOnce>FALSE</SyncOnce><DataProperties><itemProps><itemName Sync="TRUE">global_urban_extent_polygons_v1.01</itemName><imsContentType Sync="TRUE">002</imsContentType><itemSize Sync="TRUE">0.000</itemSize><itemLocation><linkage Sync="TRUE">file://\\DATASERVER0\Science\Staff_file_share\vmara\SEDAC\Beta_reviews\urban_extents\global_urban_extent_polygons_v1.01</linkage><protocol Sync="TRUE">Local Area Network</protocol></itemLocation><nativeExtBox><westBL Sync="TRUE">-179.524994</westBL><eastBL Sync="TRUE">179.633316</eastBL><southBL Sync="TRUE">-54.858002</southBL><northBL Sync="TRUE">78.274611</northBL><exTypeCode Sync="TRUE">1</exTypeCode></nativeExtBox></itemProps><coordRef><type Sync="TRUE">Geographic</type><geogcsn Sync="TRUE">GCS_WGS_1984</geogcsn><peXml Sync="TRUE">&lt;GeographicCoordinateSystem xsi:type='typens:GeographicCoordinateSystem' xmlns:xsi='http://www.w3.org/2001/XMLSchema-instance' xmlns:xs='http://www.w3.org/2001/XMLSchema' xmlns:typens='http://www.esri.com/schemas/ArcGIS/10.1'&gt;&lt;WKT&gt;GEOGCS[&amp;quot;GCS_WGS_1984&amp;quot;,DATUM[&amp;quot;D_WGS_1984&amp;quot;,SPHEROID[&amp;quot;WGS_1984&amp;quot;,6378137.0,298.257223563]],PRIMEM[&amp;quot;Greenwich&amp;quot;,0.0],UNIT[&amp;quot;Degree&amp;quot;,0.0174532925199433],AUTHORITY[&amp;quot;EPSG&amp;quot;,4326]]&lt;/WKT&gt;&lt;XOrigin&gt;-400&lt;/XOrigin&gt;&lt;YOrigin&gt;-400&lt;/YOrigin&gt;&lt;XYScale&gt;11258999068426.238&lt;/XYScale&gt;&lt;ZOrigin&gt;-100000&lt;/ZOrigin&gt;&lt;ZScale&gt;10000&lt;/ZScale&gt;&lt;MOrigin&gt;-100000&lt;/MOrigin&gt;&lt;MScale&gt;10000&lt;/MScale&gt;&lt;XYTolerance&gt;8.983152841195215e-009&lt;/XYTolerance&gt;&lt;ZTolerance&gt;0.001&lt;/ZTolerance&gt;&lt;MTolerance&gt;0.001&lt;/MTolerance&gt;&lt;HighPrecision&gt;true&lt;/HighPrecision&gt;&lt;LeftLongitude&gt;-180&lt;/LeftLongitude&gt;&lt;WKID&gt;4326&lt;/WKID&gt;&lt;LatestWKID&gt;4326&lt;/LatestWKID&gt;&lt;/GeographicCoordinateSystem&gt;</peXml><csUnits Sync="TRUE">Angular Unit: Degree (0.017453)</csUnits></coordRef><lineage><Process ToolSource="C:\Program Files\ArcGIS\Desktop10.0\ArcToolbox\Toolboxes\Data Management Tools.tbx\Merge" Date="20110128" Time="005119">Merge Global_urban_extents_posthoc;CIRCLES_TRIMMED \\Winserver0\UrbanProjections\Data\GRUMP_data\Urban_extents\MERGE.shp "OBJECTID "OBJECTID" true true false 9 Long 0 9 ,First,#,Global_urban_extents_posthoc,OBJECTID,-1,-1;URBID "URBID" true true false 9 Long 0 9 ,First,#,Global_urban_extents_posthoc,URBID,-1,-1;GRID_CODE "GRID_CODE" true true false 9 Long 0 9 ,First,#,Global_urban_extents_posthoc,GRID_CODE,-1,-1;LIGHTDCW "LIGHTDCW" true true false 4 Short 0 4 ,First,#,Global_urban_extents_posthoc,LIGHTDCW,-1,-1;ES90POP "ES90POP" true true false 19 Double 0 0 ,First,#,Global_urban_extents_posthoc,ES90POP,-1,-1;ES95POP "ES95POP" true true false 19 Double 0 0 ,First,#,Global_urban_extents_posthoc,ES95POP,-1,-1,CIRCLES_TRIMMED,ES95POP,-1,-1;ES00POP "ES00POP" true true false 19 Double 0 0 ,First,#,Global_urban_extents_posthoc,ES00POP,-1,-1;PCOUNT "PCOUNT" true true false 9 Long 0 9 ,First,#,Global_urban_extents_posthoc,PCOUNT,-1,-1;SCHNM "SCHNM" true true false 35 Text 0 0 ,First,#,Global_urban_extents_posthoc,SCHNM,-1,-1,CIRCLES_TRIMMED,Schnm,-1,-1;NAME "NAME" true true false 35 Text 0 0 ,First,#,Global_urban_extents_posthoc,NAME,-1,-1;SQKM_FINAL "SQKM_FINAL" true true false 13 Float 0 0 ,First,#,Global_urban_extents_posthoc,SQKM_FINAL,-1,-1;ISO3 "ISO3" true true false 3 Text 0 0 ,First,#,Global_urban_extents_posthoc,ISO3,-1,-1;XPOP95 "XPOP95" true true false 13 Float 0 0 ,First,#,Global_urban_extents_posthoc,XPOP95,-1,-1;UPOPPCT "UPOPPCT" true true false 13 Float 0 0 ,First,#,Global_urban_extents_posthoc,UPOPPCT,-1,-1;AVGADM "AVGADM" true true false 13 Float 0 0 ,First,#,Global_urban_extents_posthoc,AVGADM,-1,-1;NUMADM "NUMADM" true true false 13 Float 0 0 ,First,#,Global_urban_extents_posthoc,NUMADM,-1,-1;RATIO "RATIO" true true false 13 Float 0 0 ,First,#,Global_urban_extents_posthoc,RATIO,-1,-1;UAREAPCT "UAREAPCT" true true false 13 Float 0 0 ,First,#,Global_urban_extents_posthoc,UAREAPCT,-1,-1;ISOURBID "ISOURBID" true true false 254 Text 0 0 ,First,#,Global_urban_extents_posthoc,ISOURBID,-1,-1,CIRCLES_TRIMMED,ISOURBID,-1,-1;Shape_Leng "Shape_Leng" true true false 19 Double 0 0 ,First,#,Global_urban_extents_posthoc,Shape_Leng,-1,-1;Shape_Area "Shape_Area" true true false 19 Double 0 0 ,First,#,Global_urban_extents_posthoc,Shape_Area,-1,-1;REMOVED_P "REMOVED_P" true true false 254 Text 0 0 ,First,#,Global_urban_extents_posthoc,REMOVED_P,-1,-1;POSTHOCS_2 "POSTHOCS_2" true true false 254 Text 0 0 ,First,#,Global_urban_extents_posthoc,POSTHOCS_2,-1,-1;UNSD "UNSD" true true false 19 Double 6 18 ,First,#,CIRCLES_TRIMMED,UNSD,-1,-1;ISO "ISO" true true false 254 Text 0 0 ,First,#,CIRCLES_TRIMMED,ISO,-1,-1;Country "Country" true true false 254 Text 0 0 ,First,#,CIRCLES_TRIMMED,Country,-1,-1;Latlongid "Latlongid" true true false 19 Double 6 18 ,First,#,CIRCLES_TRIMMED,Latlongid,-1,-1;Latitude "Latitude" true true false 19 Double 6 18 ,First,#,CIRCLES_TRIMMED,Latitude,-1,-1;Longitude "Longitude" true true false 19 Double 6 18 ,First,#,CIRCLES_TRIMMED,Longitude,-1,-1;Pop "Pop" true true false 19 Double 6 18 ,First,#,CIRCLES_TRIMMED,Pop,-1,-1;Year "Year" true true false 19 Double 6 18 ,First,#,CIRCLES_TRIMMED,Year,-1,-1;Urborrur "Urborrur" true true false 254 Text 0 0 ,First,#,CIRCLES_TRIMMED,Urborrur,-1,-1;Name1 "Name1" true true false 254 Text 0 0 ,First,#,CIRCLES_TRIMMED,Name1,-1,-1;Name2 "Name2" true true false 254 Text 0 0 ,First,#,CIRCLES_TRIMMED,Name2,-1,-1;Name3 "Name3" true true false 254 Text 0 0 ,First,#,CIRCLES_TRIMMED,Name3,-1,-1;Forgnnm "Forgnnm" true true false 254 Text 0 0 ,First,#,CIRCLES_TRIMMED,Forgnnm,-1,-1;Schadmnm "Schadmnm" true true false 254 Text 0 0 ,First,#,CIRCLES_TRIMMED,Schadmnm,-1,-1;Admnm1 "Admnm1" true true false 254 Text 0 0 ,First,#,CIRCLES_TRIMMED,Admnm1,-1,-1;Admnm2 "Admnm2" true true false 254 Text 0 0 ,First,#,CIRCLES_TRIMMED,Admnm2,-1,-1;Type "Type" true true false 254 Text 0 0 ,First,#,CIRCLES_TRIMMED,Type,-1,-1;Srctyp "Srctyp" true true false 254 Text 0 0 ,First,#,CIRCLES_TRIMMED,Srctyp,-1,-1;Coordsrce "Coordsrce" true true false 254 Text 0 0 ,First,#,CIRCLES_TRIMMED,Coordsrce,-1,-1;Datsrc "Datsrc" true true false 254 Text 0 0 ,First,#,CIRCLES_TRIMMED,Datsrc,-1,-1;Locndatsrc "Locndatsrc" true true false 254 Text 0 0 ,First,#,CIRCLES_TRIMMED,Locndatsrc,-1,-1;Notes "Notes" true true false 254 Text 0 0 ,First,#,CIRCLES_TRIMMED,Notes,-1,-1;Post_Hoc "Post_Hoc" true true false 254 Text 0 0 ,First,#,CIRCLES_TRIMMED,Post_Hoc,-1,-1;Intentiona "Intentiona" true true false 254 Text 0 0 ,First,#,CIRCLES_TRIMMED,Intentiona,-1,-1"</Process><Process ToolSource="C:\Program Files\ArcGIS\Desktop10.0\ArcToolbox\Toolboxes\Data Management Tools.tbx\Append" Date="20110128" Time="163443">Append mdv_lights Global_extents_final NO_TEST "OBJECTID "OBJECTID" true false false 9 Long 0 9 ,First,#;URBID "URBID" true false false 9 Long 0 9 ,First,#,D:\data\mdv_lights.shp,URBID,-1,-1;GRID_CODE "GRID_CODE" true false false 9 Long 0 9 ,First,#,D:\data\mdv_lights.shp,GRID_CODE,-1,-1;LIGHTDCW "LIGHTDCW" true false false 4 Short 0 4 ,First,#,D:\data\mdv_lights.shp,LIGHTDCW,-1,-1;ES90POP "ES90POP" true false false 19 Double 0 0 ,First,#;ES95POP "ES95POP" true false false 19 Double 0 0 ,First,#;ES00POP "ES00POP" true false false 19 Double 0 0 ,First,#;PCOUNT "PCOUNT" true false false 9 Long 0 9 ,First,#;SCHNM "SCHNM" true false false 35 Text 0 0 ,First,#;NAME "NAME" true false false 35 Text 0 0 ,First,#;SQKM_FINAL "SQKM_FINAL" true false false 13 Float 0 0 ,First,#,D:\data\mdv_lights.shp,SQKM_FINAL,-1,-1;ISO3 "ISO3" true false false 3 Text 0 0 ,First,#,D:\data\mdv_lights.shp,ISO3,-1,-1;XPOP95 "XPOP95" true false false 13 Float 0 0 ,First,#;UPOPPCT "UPOPPCT" true false false 13 Float 0 0 ,First,#;AVGADM "AVGADM" true false false 13 Float 0 0 ,First,#;NUMADM "NUMADM" true false false 13 Float 0 0 ,First,#;RATIO "RATIO" true false false 13 Float 0 0 ,First,#;UAREAPCT "UAREAPCT" true false false 13 Float 0 0 ,First,#;ISOURBID "ISOURBID" true false false 254 Text 0 0 ,First,#;Shape_Leng "Shape_Leng" true false false 19 Double 0 0 ,First,#;Shape_Area "Shape_Area" true false false 19 Double 0 0 ,First,#;REMOVED_P "REMOVED_P" true false false 254 Text 0 0 ,First,#;POSTHOCS_2 "POSTHOCS_2" true false false 254 Text 0 0 ,First,#" #</Process><Process ToolSource="C:\Program Files\ArcGIS\Desktop10.0\ArcToolbox\Toolboxes\Data Management Tools.tbx\CalculateField" Date="20110128" Time="164032">CalculateField Global_extents_final ISOURBID "[ISO3] &amp; [URBID]" VB #</Process><Process ToolSource="C:\Program Files\ArcGIS\Desktop10.0\ArcToolbox\Toolboxes\Data Management Tools.tbx\CalculateField" Date="20110128" Time="164212">CalculateField Global_extents_final ISOURBID "[ISO3] &amp; [URBID]" VB #</Process><Process ToolSource="C:\Program Files (x86)\ArcGIS\Desktop10.0\ArcToolbox\Toolboxes\Data Management Tools.tbx\Append" Date="20110601" Time="164634">Append cuba Global_extents_final TEST # #</Process><Process ToolSource="C:\Program Files (x86)\ArcGIS\Desktop10.0\ArcToolbox\Toolboxes\Data Management Tools.tbx\CalculateField" Date="20110601" Time="165153">CalculateField Global_extents_final_May2011 ISOURBID "[ISO3] &amp; [URBID]" VB #</Process><Process ToolSource="C:\Program Files (x86)\ArcGIS\Desktop10.0\ArcToolbox\Toolboxes\Data Management Tools.tbx\Dissolve" Date="20110607" Time="155131">Dissolve Global_extents_final_June2011 \\DATASERVER0\UrbanProjections\Data\GRUMP_data\Global_urban\Global_extents_June2011_v3.shp URBID;GRID_CODE;LIGHTDCW;ES90POP;ES95POP;ES00POP;PCOUNT;SCHNM;NAME;SQKM_FINAL;ISO3;XPOP95;UPOPPCT;AVGADM;NUMADM;RATIO;UAREAPCT;ISOURBID;REMOVED_P;POSTHOCS_2 # MULTI_PART DISSOLVE_LINES</Process><Process ToolSource="c:\program files (x86)\arcgis\desktop10.1\ArcToolbox\Toolboxes\Conversion Tools.tbx\FeatureClassToFeatureClass" Date="20141209" Time="115819">FeatureClassToFeatureClass D:\SEDAC\Global_extents_June2011_v3.shp D:\SEDAC\urban_extents.gdb urban_extents # "URBID "URBID" true true false 9 Long 0 9 ,First,#,D:\SEDAC\Global_extents_June2011_v3.shp,URBID,-1,-1;GRID_CODE "GRID_CODE" true true false 9 Long 0 9 ,First,#,D:\SEDAC\Global_extents_June2011_v3.shp,GRID_CODE,-1,-1;LIGHTDCW "LIGHTDCW" true true false 4 Short 0 4 ,First,#,D:\SEDAC\Global_extents_June2011_v3.shp,LIGHTDCW,-1,-1;ES90POP "ES90POP" true true false 19 Double 0 0 ,First,#,D:\SEDAC\Global_extents_June2011_v3.shp,ES90POP,-1,-1;ES95POP "ES95POP" true true false 19 Double 0 0 ,First,#,D:\SEDAC\Global_extents_June2011_v3.shp,ES95POP,-1,-1;ES00POP "ES00POP" true true false 19 Double 0 0 ,First,#,D:\SEDAC\Global_extents_June2011_v3.shp,ES00POP,-1,-1;PCOUNT "PCOUNT" true true false 9 Long 0 9 ,First,#,D:\SEDAC\Global_extents_June2011_v3.shp,PCOUNT,-1,-1;SCHNM "SCHNM" true true false 35 Text 0 0 ,First,#,D:\SEDAC\Global_extents_June2011_v3.shp,SCHNM,-1,-1;NAME "NAME" true true false 35 Text 0 0 ,First,#,D:\SEDAC\Global_extents_June2011_v3.shp,NAME,-1,-1;SQKM_FINAL "SQKM_FINAL" true true false 13 Float 0 0 ,First,#,D:\SEDAC\Global_extents_June2011_v3.shp,SQKM_FINAL,-1,-1;ISO3 "ISO3" true true false 3 Text 0 0 ,First,#,D:\SEDAC\Global_extents_June2011_v3.shp,ISO3,-1,-1;XPOP95 "XPOP95" true true false 13 Float 0 0 ,First,#,D:\SEDAC\Global_extents_June2011_v3.shp,XPOP95,-1,-1;UPOPPCT "UPOPPCT" true true false 13 Float 0 0 ,First,#,D:\SEDAC\Global_extents_June2011_v3.shp,UPOPPCT,-1,-1;AVGADM "AVGADM" true true false 13 Float 0 0 ,First,#,D:\SEDAC\Global_extents_June2011_v3.shp,AVGADM,-1,-1;NUMADM "NUMADM" true true false 13 Float 0 0 ,First,#,D:\SEDAC\Global_extents_June2011_v3.shp,NUMADM,-1,-1;RATIO "RATIO" true true false 13 Float 0 0 ,First,#,D:\SEDAC\Global_extents_June2011_v3.shp,RATIO,-1,-1;UAREAPCT "UAREAPCT" true true false 13 Float 0 0 ,First,#,D:\SEDAC\Global_extents_June2011_v3.shp,UAREAPCT,-1,-1;ISOURBID "ISOURBID" true true false 254 Text 0 0 ,First,#,D:\SEDAC\Global_extents_June2011_v3.shp,ISOURBID,-1,-1;REMOVED_P "REMOVED_P" true true false 254 Text 0 0 ,First,#,D:\SEDAC\Global_extents_June2011_v3.shp,REMOVED_P,-1,-1;POSTHOCS_2 "POSTHOCS_2" true true false 254 Text 0 0 ,First,#,D:\SEDAC\Global_extents_June2011_v3.shp,POSTHOCS_2,-1,-1" #</Process><Process ToolSource="c:\program files (x86)\arcgis\desktop10.1\ArcToolbox\Toolboxes\Data Management Tools.tbx\CalculateField" Date="20150605" Time="124001">CalculateField Global_Urban_Extents_Polygons REMOVED_POINTS [REMOVED_P] VB #</Process><Process ToolSource="c:\program files (x86)\arcgis\desktop10.1\ArcToolbox\Toolboxes\Data Management Tools.tbx\CalculateField" Date="20150605" Time="124218">CalculateField Global_Urban_Extents_Polygons ADDED_POINTS [POSTHOCS_2] VB #</Process><Process ToolSource="c:\program files (x86)\arcgis\desktop10.2\ArcToolbox\Toolboxes\Data Management Tools.tbx\JoinField" Date="20160520" Time="152148">JoinField global_urban_extent_polygons_v101 ISO3 ntlbndscarto Iso3v10 Unsdcode;Countryeng</Process><Process ToolSource="c:\program files (x86)\arcgis\desktop10.2\ArcToolbox\Toolboxes\Data Management Tools.tbx\CalculateField" Date="20160520" Time="152324">CalculateField global_urban_extent_polygons_v101 Countryeng "Vatican" VB #</Process><Process ToolSource="c:\program files (x86)\arcgis\desktop10.2\ArcToolbox\Toolboxes\Data Management Tools.tbx\CalculateField" Date="20160520" Time="152405">CalculateField global_urban_extent_polygons_v101 Unsdcode 336 VB #</Process><Process ToolSource="c:\program files (x86)\arcgis\desktop10.2\ArcToolbox\Toolboxes\Data Management Tools.tbx\CalculateField" Date="20160520" Time="152414">CalculateField global_urban_extent_polygons_v101 Countryeng "Holy See" VB #</Process><Process ToolSource="c:\program files (x86)\arcgis\desktop10.2\ArcToolbox\Toolboxes\Data Management Tools.tbx\JoinField" Date="20160523" Time="095752">JoinField global_urban_extent_polygons_v101 ISO3 ccodes ISOAlpha_GPWv4 Continent</Process><Process ToolSource="c:\program files (x86)\arcgis\desktop10.2\ArcToolbox\Toolboxes\Data Management Tools.tbx\CalculateField" Date="20160523" Time="100120">CalculateField global_urban_extent_polygons_v101 Continent "Americas-North America" VB #</Process><Process ToolSource="c:\program files (x86)\arcgis\desktop10.2\ArcToolbox\Toolboxes\Data Management Tools.tbx\CalculateField" Date="20160523" Time="100219">CalculateField global_urban_extent_polygons_v101 Continent "Europe" VB #</Process><Process ToolSource="c:\program files (x86)\arcgis\desktop10.1\ArcToolbox\Toolboxes\Conversion Tools.tbx\FeatureClassToFeatureClass" Date="20160926" Time="150959">FeatureClassToFeatureClass \\DATASERVER0\Science\Staff_file_share\vmara\SEDAC\Final_release\global_urban_extent_polygons_v1.01.gdb\global_urban_extent_polygons_v101 \\DATASERVER0\Science\Staff_file_share\vmara\SEDAC\Final_release global_urban_extent_polygons_v1.shp # "OBJECTID "OBJECTID" true true false 4 Long 0 0 ,First,#,\\DATASERVER0\Science\Staff_file_share\vmara\SEDAC\Final_release\global_urban_extent_polygons_v1.01.gdb\global_urban_extent_polygons_v101,OBJECTID,-1,-1;URBID "URBID" true true false 4 Long 0 0 ,First,#,\\DATASERVER0\Science\Staff_file_share\vmara\SEDAC\Final_release\global_urban_extent_polygons_v1.01.gdb\global_urban_extent_polygons_v101,URBID,-1,-1;LIGHTDCW "LIGHTDCW" true true false 2 Short 0 0 ,First,#,\\DATASERVER0\Science\Staff_file_share\vmara\SEDAC\Final_release\global_urban_extent_polygons_v1.01.gdb\global_urban_extent_polygons_v101,LIGHTDCW,-1,-1;ES90POP "ES90POP" true true false 8 Double 0 0 ,First,#,\\DATASERVER0\Science\Staff_file_share\vmara\SEDAC\Final_release\global_urban_extent_polygons_v1.01.gdb\global_urban_extent_polygons_v101,ES90POP,-1,-1;ES95POP "ES95POP" true true false 8 Double 0 0 ,First,#,\\DATASERVER0\Science\Staff_file_share\vmara\SEDAC\Final_release\global_urban_extent_polygons_v1.01.gdb\global_urban_extent_polygons_v101,ES95POP,-1,-1;ES00POP "ES00POP" true true false 8 Double 0 0 ,First,#,\\DATASERVER0\Science\Staff_file_share\vmara\SEDAC\Final_release\global_urban_extent_polygons_v1.01.gdb\global_urban_extent_polygons_v101,ES00POP,-1,-1;PCOUNT "PCOUNT" true true false 4 Long 0 0 ,First,#,\\DATASERVER0\Science\Staff_file_share\vmara\SEDAC\Final_release\global_urban_extent_polygons_v1.01.gdb\global_urban_extent_polygons_v101,PCOUNT,-1,-1;SCHNM "SCHNM" true true false 35 Text 0 0 ,First,#,\\DATASERVER0\Science\Staff_file_share\vmara\SEDAC\Final_release\global_urban_extent_polygons_v1.01.gdb\global_urban_extent_polygons_v101,SCHNM,-1,-1;NAME "NAME" true true false 35 Text 0 0 ,First,#,\\DATASERVER0\Science\Staff_file_share\vmara\SEDAC\Final_release\global_urban_extent_polygons_v1.01.gdb\global_urban_extent_polygons_v101,NAME,-1,-1;SQKM_FINAL "SQKM_FINAL" true true false 4 Float 0 0 ,First,#,\\DATASERVER0\Science\Staff_file_share\vmara\SEDAC\Final_release\global_urban_extent_polygons_v1.01.gdb\global_urban_extent_polygons_v101,SQKM_FINAL,-1,-1;ISO3 "ISO3" true true false 3 Text 0 0 ,First,#,\\DATASERVER0\Science\Staff_file_share\vmara\SEDAC\Final_release\global_urban_extent_polygons_v1.01.gdb\global_urban_extent_polygons_v101,ISO3,-1,-1;ISOURBID "ISOURBID" true true false 254 Text 0 0 ,First,#,\\DATASERVER0\Science\Staff_file_share\vmara\SEDAC\Final_release\global_urban_extent_polygons_v1.01.gdb\global_urban_extent_polygons_v101,ISOURBID,-1,-1;Shape_Leng "Shape_Leng" true true false 8 Double 0 0 ,First,#,\\DATASERVER0\Science\Staff_file_share\vmara\SEDAC\Final_release\global_urban_extent_polygons_v1.01.gdb\global_urban_extent_polygons_v101,Shape_Leng,-1,-1;REMOVED_PO "REMOVED_PO" true true false 50 Text 0 0 ,First,#,\\DATASERVER0\Science\Staff_file_share\vmara\SEDAC\Final_release\global_urban_extent_polygons_v1.01.gdb\global_urban_extent_polygons_v101,REMOVED_PO,-1,-1;ADDED_POIN "ADDED_POIN" true true false 50 Text 0 0 ,First,#,\\DATASERVER0\Science\Staff_file_share\vmara\SEDAC\Final_release\global_urban_extent_polygons_v1.01.gdb\global_urban_extent_polygons_v101,ADDED_POIN,-1,-1;YEAR_V1_01 "YEAR_V1_01" true true false 8 Double 0 0 ,First,#,\\DATASERVER0\Science\Staff_file_share\vmara\SEDAC\Final_release\global_urban_extent_polygons_v1.01.gdb\global_urban_extent_polygons_v101,YEAR_V1_01,-1,-1;POP_V1_01 "POP_V1_01" true true false 8 Double 0 0 ,First,#,\\DATASERVER0\Science\Staff_file_share\vmara\SEDAC\Final_release\global_urban_extent_polygons_v1.01.gdb\global_urban_extent_polygons_v101,POP_V1_01,-1,-1;Shape_Le_1 "Shape_Length" false true true 8 Double 0 0 ,First,#,\\DATASERVER0\Science\Staff_file_share\vmara\SEDAC\Final_release\global_urban_extent_polygons_v1.01.gdb\global_urban_extent_polygons_v101,Shape_Length,-1,-1;Shape_Area "Shape_Area" false true true 8 Double 0 0 ,First,#,\\DATASERVER0\Science\Staff_file_share\vmara\SEDAC\Final_release\global_urban_extent_polygons_v1.01.gdb\global_urban_extent_polygons_v101,Shape_Area,-1,-1;Unsdcode "Unsdcode" true true false 4 Long 0 0 ,First,#,\\DATASERVER0\Science\Staff_file_share\vmara\SEDAC\Final_release\global_urban_extent_polygons_v1.01.gdb\global_urban_extent_polygons_v101,Unsdcode,-1,-1;Countryeng "Countryeng" true true false 254 Text 0 0 ,First,#,\\DATASERVER0\Science\Staff_file_share\vmara\SEDAC\Final_release\global_urban_extent_polygons_v1.01.gdb\global_urban_extent_polygons_v101,Countryeng,-1,-1;Continent "Continent" true true false 255 Text 0 0 ,First,#,\\DATASERVER0\Science\Staff_file_share\vmara\SEDAC\Final_release\global_urban_extent_polygons_v1.01.gdb\global_urban_extent_polygons_v101,Continent,-1,-1" #</Process></lineage><copyHistory><copy source="\\DATASERVER0\Science\Staff_file_share\vmara\SEDAC\Beta_reviews\global_urban_extent_polygons_v1.01" dest="\\DATASERVER0\Science\Staff_file_share\vmara\SEDAC\Beta_reviews\urban_extents\global_urban_extent_polygons_v1.01" date="20170326" time="16281400"></copy></copyHistory></DataProperties><SyncDate>20161107</SyncDate><SyncTime>16441500</SyncTime><ModDate>20161107</ModDate><ModTime>16441500</ModTime></Esri><dataIdInfo><envirDesc Sync="TRUE">Microsoft Windows 7 Version 6.1 (Build 7601) Service Pack 1; Esri ArcGIS 10.1.1.3143</envirDesc><dataLang><languageCode value="eng" country="USA"></languageCode><countryCode value="USA" Sync="TRUE"></countryCode></dataLang><idCitation><resTitle Sync="TRUE">global_urban_extent_polygons_v1.01</resTitle><presForm><PresFormCd value="005"></PresFormCd></presForm></idCitation><descKeys><thesaName uuidref="723f6998-058e-11dc-8314-0800200c9a66"></thesaName><keyword Sync="TRUE">002</keyword></descKeys><spatRpType><SpatRepTypCd value="001"></SpatRepTypCd></spatRpType><dataExt><geoEle><GeoBndBox esriExtentType="search"><exTypeCode Sync="TRUE">1</exTypeCode><westBL Sync="TRUE">-179.524994</westBL><eastBL Sync="TRUE">179.633316</eastBL><northBL Sync="TRUE">78.274611</northBL><southBL Sync="TRUE">-54.858002</southBL></GeoBndBox></geoEle></dataExt></dataIdInfo><mdLang><languageCode value="eng"></languageCode><countryCode value="USA" Sync="TRUE"></countryCode></mdLang><mdChar><CharSetCd value="004"></CharSetCd></mdChar><distInfo><distFormat><formatName Sync="TRUE">Shapefile</formatName></distFormat><distTranOps><transSize Sync="TRUE">0.000</transSize></distTranOps></distInfo><mdHrLv><ScopeCd value="005"></ScopeCd></mdHrLv><mdHrLvName Sync="TRUE">dataset</mdHrLvName><refSysInfo><RefSystem><refSysID><identCode code="4326"></identCode><idCodeSpace Sync="TRUE">EPSG</idCodeSpace><idVersion Sync="TRUE">7.11.2</idVersion></refSysID></RefSystem></refSysInfo><spdoinfo><ptvctinf><esriterm Name="global_urban_extent_polygons_v1.01"><efeatyp Sync="TRUE">Simple</efeatyp><efeageom code="4" Sync="TRUE"></efeageom><esritopo Sync="TRUE">FALSE</esritopo><efeacnt Sync="TRUE">75445</efeacnt><spindex Sync="TRUE">FALSE</spindex><linrefer Sync="TRUE">FALSE</linrefer></esriterm></ptvctinf></spdoinfo><spatRepInfo><VectSpatRep><geometObjs Name="global_urban_extent_polygons_v1.01"><geoObjTyp><GeoObjTypCd value="002" Sync="TRUE"></GeoObjTypCd></geoObjTyp><geoObjCnt Sync="TRUE">75445</geoObjCnt></geometObjs><topLvl><TopoLevCd value="001" Sync="TRUE"></TopoLevCd></topLvl></VectSpatRep></spatRepInfo><eainfo><detailed Name="global_urban_extent_polygons_v1.01"><enttyp><enttypl Sync="TRUE">global_urban_extent_polygons_v1.01</enttypl><enttypt Sync="TRUE">Feature Class</enttypt><enttypc Sync="TRUE">75445</enttypc></enttyp><attr><attrlabl Sync="TRUE">FID</attrlabl><attalias Sync="TRUE">FID</attalias><attrtype Sync="TRUE">OID</attrtype><attwidth Sync="TRUE">4</attwidth><atprecis Sync="TRUE">0</atprecis><attscale Sync="TRUE">0</attscale><attrdef Sync="TRUE">Internal feature number.</attrdef><attrdefs Sync="TRUE">Esri</attrdefs><attrdomv><udom Sync="TRUE">Sequential unique whole numbers that are automatically generated.</udom></attrdomv></attr><attr><attrlabl Sync="TRUE">OBJECTID</attrlabl><attalias Sync="TRUE">OBJECTID</attalias><attrtype Sync="TRUE">Integer</attrtype><attwidth Sync="TRUE">9</attwidth><atprecis Sync="TRUE">9</atprecis><attscale Sync="TRUE">0</attscale><attrdef Sync="TRUE">Internal feature number.</attrdef><attrdefs Sync="TRUE">Esri</attrdefs><attrdomv><udom Sync="TRUE">Sequential unique whole numbers that are automatically generated.</udom></attrdomv></attr><attr><attrlabl Sync="TRUE">Shape</attrlabl><attalias Sync="TRUE">Shape</attalias><attrtype Sync="TRUE">Geometry</attrtype><attwidth Sync="TRUE">0</attwidth><atprecis Sync="TRUE">0</atprecis><attscale Sync="TRUE">0</attscale><attrdef Sync="TRUE">Feature geometry.</attrdef><attrdefs Sync="TRUE">ESRI</attrdefs><attrdomv><udom Sync="TRUE">Coordinates defining the features.</udom></attrdomv></attr><attr><attrlabl Sync="TRUE">URBID</attrlabl><attalias Sync="TRUE">URBID</attalias><attrtype Sync="TRUE">Integer</attrtype><attwidth Sync="TRUE">9</attwidth><atprecis Sync="TRUE">9</atprecis><attscale Sync="TRUE">0</attscale></attr><attr><attrlabl Sync="TRUE">LIGHTDCW</attrlabl><attalias Sync="TRUE">LIGHTDCW</attalias><attrtype Sync="TRUE">SmallInteger</attrtype><attwidth Sync="TRUE">4</attwidth><atprecis Sync="TRUE">4</atprecis><attscale Sync="TRUE">0</attscale></attr><attr><attrlabl Sync="TRUE">ES90POP</attrlabl><attalias Sync="TRUE">ES90POP</attalias><attrtype Sync="TRUE">Double</attrtype><attwidth Sync="TRUE">19</attwidth><atprecis Sync="TRUE">0</atprecis><attscale Sync="TRUE">0</attscale></attr><attr><attrlabl Sync="TRUE">ES95POP</attrlabl><attalias Sync="TRUE">ES95POP</attalias><attrtype Sync="TRUE">Double</attrtype><attwidth Sync="TRUE">19</attwidth><atprecis Sync="TRUE">0</atprecis><attscale Sync="TRUE">0</attscale></attr><attr><attrlabl Sync="TRUE">ES00POP</attrlabl><attalias Sync="TRUE">ES00POP</attalias><attrtype Sync="TRUE">Double</attrtype><attwidth Sync="TRUE">19</attwidth><atprecis Sync="TRUE">0</atprecis><attscale Sync="TRUE">0</attscale></attr><attr><attrlabl Sync="TRUE">PCOUNT</attrlabl><attalias Sync="TRUE">PCOUNT</attalias><attrtype Sync="TRUE">Integer</attrtype><attwidth Sync="TRUE">9</attwidth><atprecis Sync="TRUE">9</atprecis><attscale Sync="TRUE">0</attscale></attr><attr><attrlabl Sync="TRUE">SCHNM</attrlabl><attalias Sync="TRUE">SCHNM</attalias><attrtype Sync="TRUE">String</attrtype><attwidth Sync="TRUE">35</attwidth><atprecis Sync="TRUE">0</atprecis><attscale Sync="TRUE">0</attscale></attr><attr><attrlabl Sync="TRUE">NAME</attrlabl><attalias Sync="TRUE">NAME</attalias><attrtype Sync="TRUE">String</attrtype><attwidth Sync="TRUE">35</attwidth><atprecis Sync="TRUE">0</atprecis><attscale Sync="TRUE">0</attscale></attr><attr><attrlabl Sync="TRUE">SQKM_FINAL</attrlabl><attalias Sync="TRUE">SQKM_FINAL</attalias><attrtype Sync="TRUE">Single</attrtype><attwidth Sync="TRUE">13</attwidth><atprecis Sync="TRUE">0</atprecis><attscale Sync="TRUE">0</attscale></attr><attr><attrlabl Sync="TRUE">ISO3</attrlabl><attalias Sync="TRUE">ISO3</attalias><attrtype Sync="TRUE">String</attrtype><attwidth Sync="TRUE">3</attwidth><atprecis Sync="TRUE">0</atprecis><attscale Sync="TRUE">0</attscale></attr><attr><attrlabl Sync="TRUE">ISOURBID</attrlabl><attalias Sync="TRUE">ISOURBID</attalias><attrtype Sync="TRUE">String</attrtype><attwidth Sync="TRUE">254</attwidth><atprecis Sync="TRUE">0</atprecis><attscale Sync="TRUE">0</attscale></attr><attr><attrlabl Sync="TRUE">Shape_Leng</attrlabl><attalias Sync="TRUE">Shape_Leng</attalias><attrtype Sync="TRUE">Double</attrtype><attwidth Sync="TRUE">19</attwidth><atprecis Sync="TRUE">0</atprecis><attscale Sync="TRUE">0</attscale></attr><attr><attrlabl Sync="TRUE">REMOVED_PO</attrlabl><attalias Sync="TRUE">REMOVED_PO</attalias><attrtype Sync="TRUE">String</attrtype><attwidth Sync="TRUE">50</attwidth><atprecis Sync="TRUE">0</atprecis><attscale Sync="TRUE">0</attscale></attr><attr><attrlabl Sync="TRUE">ADDED_POIN</attrlabl><attalias Sync="TRUE">ADDED_POIN</attalias><attrtype Sync="TRUE">String</attrtype><attwidth Sync="TRUE">50</attwidth><atprecis Sync="TRUE">0</atprecis><attscale Sync="TRUE">0</attscale></attr><attr><attrlabl Sync="TRUE">YEAR_V1_01</attrlabl><attalias Sync="TRUE">YEAR_V1_01</attalias><attrtype Sync="TRUE">Double</attrtype><attwidth Sync="TRUE">19</attwidth><atprecis Sync="TRUE">0</atprecis><attscale Sync="TRUE">0</attscale></attr><attr><attrlabl Sync="TRUE">POP_V1_01</attrlabl><attalias Sync="TRUE">POP_V1_01</attalias><attrtype Sync="TRUE">Double</attrtype><attwidth Sync="TRUE">19</attwidth><atprecis Sync="TRUE">0</atprecis><attscale Sync="TRUE">0</attscale></attr><attr><attrlabl Sync="TRUE">Shape_Le_1</attrlabl><attalias Sync="TRUE">Shape_Le_1</attalias><attrtype Sync="TRUE">Double</attrtype><attwidth Sync="TRUE">19</attwidth><atprecis Sync="TRUE">0</atprecis><attscale Sync="TRUE">0</attscale></attr><attr><attrlabl Sync="TRUE">Shape_Area</attrlabl><attalias Sync="TRUE">Shape_Area</attalias><attrtype Sync="TRUE">Double</attrtype><attwidth Sync="TRUE">19</attwidth><atprecis Sync="TRUE">0</atprecis><attscale Sync="TRUE">0</attscale><attrdef Sync="TRUE">Area of feature in internal units squared.</attrdef><attrdefs Sync="TRUE">Esri</attrdefs><attrdomv><udom Sync="TRUE">Positive real numbers that are automatically generated.</udom></attrdomv></attr><attr><attrlabl Sync="TRUE">Unsdcode</attrlabl><attalias Sync="TRUE">Unsdcode</attalias><attrtype Sync="TRUE">Integer</attrtype><attwidth Sync="TRUE">9</attwidth><atprecis Sync="TRUE">9</atprecis><attscale Sync="TRUE">0</attscale></attr><attr><attrlabl Sync="TRUE">Countryeng</attrlabl><attalias Sync="TRUE">Countryeng</attalias><attrtype Sync="TRUE">String</attrtype><attwidth Sync="TRUE">254</attwidth><atprecis Sync="TRUE">0</atprecis><attscale Sync="TRUE">0</attscale></attr><attr><attrlabl Sync="TRUE">Continent</attrlabl><attalias Sync="TRUE">Continent</attalias><attrtype Sync="TRUE">String</attrtype><attwidth Sync="TRUE">254</attwidth><atprecis Sync="TRUE">0</atprecis><attscale Sync="TRUE">0</attscale></attr></detailed></eainfo><mdDateSt Sync="TRUE">20161107</mdDateSt></metadata>
