tower_id,tower_area
"46778",29774640.8370056
"46787",11044494.4837952
"108499",31097879.9328308
"75436",167504464.729797
"14167",28744423.3040161
"22368",4352812.03979492
"10084",1160071.84214783
"34495",23054167.3514709
"26674",16635302.5392456
"46738",36044960.2479248
"42644",34694179.0567017
"14375",77406510.2419434
"30780",30852673.8049622
"34440",6710652.50643921
"30777",7428750.67861938
"59043",120528538.373718
"108205",5000571.44918823
"87690",114895742.011505
"42661",5377152.32089233
"108214",4771692.74285889
"108211",8934583.64004517
"46700",3976280.32507324
"26633",1081715.29055786
"2107",2360533.1109314
"26634",1413566.41717529
"108222",2627938.92388916
"26631",956293.692687988
"2105",4588204.20883179
"108219",4050533.72109985
"2106",1917519.65371704
"108220",2224707.78918457
"67207",94320030.8988342
"2103",2545573.66610718
"108217",5365200.99172974
"14349",5514894.81195068
"38508",3130496.58123779
"34413",3348222.81912231
"14350",17752667.8487244
"108215",4050570.11676025
"38505",2956061.91012573
"38506",1723329.66308594
"108230",13846824.3209534
"30750",25752658.2530518
"38517",5293007.36468506
"2114",10234996.0488281
"34407",7461411.3119812
"108225",13572860.9128113
"6158",11933703.7207031
"50812",65766198.7472839
"30745",4544622.58926392
"59010",37440361.8954773
"34430",7332445.99887085
"75424",109840885.981934
"34427",4848703.24945068
"6159",11145645.4822998
"26656",10708251.014679
"38534",64861271.4555969
"34423",1886691.00213623
"34424",2226282.15274048
"34437",6530929.06420898
"18466",198970068.890808
"79484",26068247.1374512
"34380",41680404.5205994
"38483",9530086.13516235
"75386",64859363.7659607
"38481",5225015.83172607
"38479",8723618.20605469
"26629",763698.473937988
"18427",19480482.1553955
"26630",795919.254852295
"26628",105951.306152344
"38490",12064837.9181213
"30669",7766401.83834839
"38488",10628166.8573303
"38499",2226758.40063477
"38500",6694700.75543213
"30666",6577672.21142578
"38498",7912233.32684326
"30664",5598345.7142334
"6136",33489132.984314
"30673",11225764.4989929
"38697",11517387.518219
"10189",43245284.6907959
"91744",113367290.70224
"30683",15957951.0523682
"18383",37907648.1788635
"38716",7690710.66802979
"10201",47651956.2437744
"18404",60416878.3695984
"38722",23710217.2915344
"6118",21305917.5382996
"55070",54557521.3294678
"30397",1086976.76184082
"30398",1204802.53393555
"87873",35358491.7547302
"30395",1220481.18963623
"30396",591648.793243408
"30393",107547.362213135
"38676",2621148.52325439
"30394",825843.053192139
"22205",23475298.1471863
"38674",1262838.12973022
"67385",91398135.0812378
"30403",2743985.20492554
"30401",2270492.93927002
"18108",11245228.6146851
"38684",12977075.0289612
"14011",420243403.641693
"30400",970712.961364746
"38679",6693956.41305542
"38693",10105477.0970459
"18118",15051251.6843567
"59125",48806288.1361694
"18115",18351598.2755737
"104239",78913709.1549377
"67335",36166386.254425
"59134",15439593.8025208
"83735",91779771.2518921
"22174",17146111.0606689
"42750",37280995.4997253
"42744",23041395.9349365
"38648",3511005.1541748
"95998",41598696.2799988
"54983",38468508.6922913
"22176",21098393.5162964
"34563",45117525.2380371
"22126",10860198.2444153
"71399",93560106.6156921
"54996",84810471.951416
"104221",26292034.3605042
"42695",9073184.73703003
"30322",67328806.4111633
"46803",24864698.3786926
"34510",58491273.9339905
"22133",21186008.1526489
"95949",115457534.526428
"9833",1955233.5607605
"59104",48474051.0667419
"34520",52794161.055603
"104177",12045564.9451904
"75475",900941.007507324
"34528",107558029.951019
"35244",17680274.5183716
"43443",8526114.3163147
"47535",31653162.1281128
"30300",77044858.4541931
"43440",5043871.52377319
"35249",21129650.227478
"47543",19548117.3638916
"1610",7871026.42733765
"43449",13362068.6229553
"26408",20377090.7461243
"43413",731359.364227295
"43412",1569542.89544678
"14133",97858422.9659119
"26427",28719360.1524048
"76227",1209170.63803101
"35218",18938123.9382324
"84366",14782231.5821228
"1846",4822581.16650391
"108968",3750359.92883301
"26381",1020469.14047241
"88463",125294093.786438
"26382",1866139.38253784
"35237",26071261.1722107
"26379",1914574.24053955
"1853",1582898.22509766
"108975",4357730.66107178
"26380",653954.622833252
"1851",3495719.20852661
"26378",1560859.86453247
"26389",2136299.12567139
"108985",12851019.8275757
"39275",6778468.39038086
"30481",25328605.2250061
"26387",2898149.38381958
"18185",34197301.9027405
"108984",3555548.08181763
"39274",5247583.51202393
"26385",2229168.28890991
"39271",5009306.70452881
"26386",1973148.01968384
"30494",1703843.35656738
"26383",1483041.95822144
"1857",4331631.59777832
"35178",7473077.59634399
"30489",20116170.8075867
"1856",782894.434082031
"26396",7881832.98486328
"35187",6385205.11358643
"26393",4094873.09179688
"5898",36646570.9903564
"35185",4027181.02404785
"26391",2489113.98104858
"26392",1652731.51342773
"14095",5651375.09545898
"35183",5918005.42102051
"55680",103748802.67926
"26403",12382871.2142334
"30495",1366872.40649414
"63816",46363709.0028076
"30496",8780828.72912598
"35193",14236351.498291
"30439",46356353.4655762
"35203",20243265.5617676
"55633",99440498.910675
"39246",15601840.1940918
"18154",44629595.4109192
"47454",3317756.57284546
"39252",10380523.1002502
"59745",10561960.6802979
"18160",71930375.4553528
"39262",1424200.90979004
"5876",21917542.4727478
"39260",3594134.14779663
"35166",1472805.56723022
"39255",5405049.1234436
"35164",2474461.83947754
"39269",3350107.10916138
"39268",3447011.23901367
"35173",4813991.24343872
"30410",2656774.04226685
"18177",24175737.6417847
"67918",124772094.41684
"30407",3946654.78463745
"39263",3931955.48495483
"5893",25432996.4470825
"30420",6816032.49475098
"18123",23383269.7357788
"43571",84796791.4288025
"30430",12763901.541626
"35368",229355954.332947
"76133",81224850.7273254
"18139",89020234.8004761
"30434",14931214.4159241
"31149",1472564.31915283
"51725",25736903.2214966
"31150",1222172.85534668
"31148",1479733.97192383
"31157",3274437.06860352
"22955",50591314.0974731
"18861",4743310.12451172
"31156",1407579.68441772
"43530",10422550.7785339
"39433",8545037.93206787
"31151",1411019.45559692
"55838",26476140.4558716
"31152",2214946.85839844
"22966",42926212.6742249
"22963",45549175.7565918
"59927",155207690.416626
"31166",5640999.59365845
"59941",67431895.9731445
"39446",11768427.9582214
"10665",13691909.4135742
"55831",17333800.4782104
"31161",3272828.20758057
"55832",7663934.9234314
"55845",66542389.0647583
"18866",9462781.14810181
"31172",8302606.9118042
"80397",50060430.4553223
"10681",39738122.2126465
"80406",42258909.3084717
"6588",11401006.5352783
"39457",9578989.21560669
"72201",57700005.4721375
"68110",17977206.7789001
"68103",3922333.20864868
"80413",4029792.29724121
"68104",1755138.12390137
"80411",3113348.7020874
"80412",1058874.03811646
"68111",20792043.4637146
"10633",29975830.9628601
"22928",26514123.3366699
"80420",119406072.218658
"72218",24882219.2197266
"43518",30304547.6288452
"22940",31927528.0666199
"43526",12526323.263031
"27042",24982041.8859863
"14745",50123228.5256958
"43523",24092182.2221069
"39430",4319847.17773438
"39427",1293321.69390869
"39428",2861039.22659302
"31082",94443833.6652222
"55761",52483952.7434082
"10655",33534872.9427795
"96718",16589836.1859131
"104984",18451225.0176392
"10601",25457357.5188599
"27006",20283252.4675293
"39375",45817086.3106689
"43483",9742909.85153198
"43484",14055309.9536133
"10609",25274412.4197083
"51681",1093307.05108643
"51682",1702375.48828125
"43494",15841599.6044617
"10616",53631729.0740662
"39391",57322872.6748047
"35295",79069297.7469177
"34990",8732426.39956665
"26964",48976766.9079895
"22869",1746351.91760254
"22877",9633769.25354004
"14673",34478626.7209778
"47288",19525275.5607605
"80352",85292907.0844421
"47295",15737532.3047791
"88242",72120742.223053
"10586",1941650.19973755
"31274",35121093.8331909
"27175",15650764.1676025
"47253",32284580.8112488
"31281",13262795.6252747
"59555",47959903.9126892
"43151",38888906.8661194
"2605",11958685.3756714
"108717",3544071.05300903
"75974",3085630.83914185
"34959",33642969.7293701
"43162",2816202.88296509
"43160",10434046.7228088
"2611",12870421.4760132
"108724",4779720.42248535
"27149",4694038.8782959
"108722",6810984.58026123
"27148",2442991.31655884
"27145",2158345.95462036
"108733",7057694.87368774
"2620",13424250.2792969
"27143",1641111.07070923
"84123",105467924.532959
"2615",13642716.1346741
"34925",2573252.16818237
"27155",6570847.63168335
"39017",3178178.90338135
"14859",43672465.9872131
"2627",6283666.30963135
"34924",3648193.67370605
"27152",6876396.6781311
"6668",27389549.3952332
"34934",4782997.54568481
"34939",7204824.84506226
"63574",52444455.5324707
"18925",45724104.5123596
"2595",3825966.20755005
"67698",157063976.188049
"27133",1108343.21350098
"2591",4896055.36343384
"27134",1499209.62161255
"6635",32289113.5237122
"63586",80650619.6178284
"27131",1446364.26184082
"27132",846210.244812012
"92233",149456505.056549
"27130",144223.037536621
"39006",3928022.38540649
"27142",1186583.56140137
"27137",1211519.3757019
"27138",917028.408050537
"27135",639209.437896729
"27136",1372027.84902954
"39011",1262026.69577026
"34915",4900104.07141113
"39010",1559925.63037109
"34913",3030125.55636597
"39008",1909886.19650269
"34914",1911497.26043701
"27098",7637518.59280396
"39230",15385209.0727844
"6609",29947058.414093
"10717",42562867.4219666
"51520",53824099.5367737
"39236",20715062.1861267
"30901",963920.462188721
"30902",1685681.04031372
"22700",50920642.5463562
"30899",691197.240783691
"30900",1086815.25592041
"30897",1325080.22265625
"30898",837032.818359375
"39178",3858967.29272461
"30909",4058830.1973877
"10414",15917257.9638672
"39176",1513862.70294189
"30908",3617651.00561523
"30903",908619.086151123
"30904",2466373.45925903
"80193",156853223.574097
"30913",2891258.50036621
"35102",132938642.485809
"30912",1872731.28829956
"39191",9069130.81054688
"18616",10504375.0405884
"18629",27476105.303772
"6333",14515193.1530151
"59635",16063811.3314819
"47342",164867255.290009
"39201",15278260.1942749
"67854",3055056.56817627
"51431",2114837.75372314
"51432",3688617.49584961
"39149",3264858.51565552
"55535",58657714.3045654
"39148",16402723.834259
"14475",88895970.1147461
"22673",5895436.58782959
"67855",15322436.0440979
"26782",69640316.1454773
"22671",10585411.9797974
"71964",12269740.0307922
"71961",43556037.2671509
"43261",13659623.1352539
"80161",5461959.90393066
"80160",7259248.75262451
"10383",36416660.1105347
"84212",53390604.8926697
"43213",27582684.7810974
"84207",41963594.1682434
"84221",124406068.340485
"22634",8462294.85635376
"39113",309488643.964172
"43220",26539625.3062439
"67824",153731898.305939
"14452",65693664.7375183
"51430",4807121.26394653
"96468",20106393.1081238
"26755",6419564.19210815
"26754",6041895.18365479
"67842",46961918.9821472
"26752",17267624.786377
"84179",100624180.706818
"75975",1769626.70495605
"96486",117100371.191772
"104701",19669288.4111938
"26708",45413710.535614
"71888",56518021.4142456
"30812",138506984.527466
"22619",5030451.95462036
"41905",7020085.37734985
"41904",9444920.86581421
"50103",96109952.2249146
"22630",11619751.9301147
"10334",1972038.20724487
"46008",12464352.6984863
"58251",36725480.4933167
"31029",3469877.18460083
"31027",7622952.29577637
"99256",55512073.1549072
"31028",1771507.71044922
"10335",6134601.23561096
"74677",24388282.1318054
"74678",48362324.1460876
"2347",5099852.57409668
"26938",105110009.026215
"2357",6608005.76068115
"2354",2917529.37469482
"78733",20654721.8799133
"26893",2137421.41696167
"2351",11111882.2215881
"26894",1598102.40866089
"26891",2837341.98248291
"41893",24717046.8579102
"26892",1176785.10003662
"74638",35558385.8078613
"26889",2207827.12124634
"26890",1747099.17218018
"26887",1288646.06253052
"30995",11931605.6831665
"30994",30278200.2852783
"2374",2948680.09768677
"26897",3524886.29415894
"2372",4912200.96511841
"26895",2354617.83370972
"6414",15148892.8200073
"26905",6005997.30020142
"107460",4695415.95062256
"45948",7127091.16827393
"14620",51513415.6352844
"50053",22081171.7995911
"30953",67694771.1112061
"37754",8086736.21469116
"86895",223115259.882446
"2342",4737182.49215698
"10477",38651457.3576965
"37710",5966901.76321411
"22768",226615672.10556
"30979",48709016.8835449
"26885",789917.596252441
"26886",1428099.50469971
"26883",1311464.96447754
"26884",770291.399536133
"37711",5786504.73483276
"26881",637653.74597168
"26882",981723.53817749
"26879",289561.644287109
"26880",1048884.36999512
"45919",29630004.8023682
"58421",178574662.718414
"42029",9667734.12234497
"30928",18121673.3816223
"86873",5725427.50149536
"42026",8280959.43319702
"10444",36193278.7852173
"42023",3452356.8371582
"37932",9500717.58547974
"26846",57800619.6796875
"37929",5180831.7678833
"54334",70519991.8102722
"37928",2352215.34494019
"54327",7852962.20623779
"6353",38573102.7515869
"37936",11034652.4615784
"6365",10292355.4306946
"6366",14253898.2414856
"22751",35568084.6397705
"10458",50149939.4115295
"103242",67435813.7933655
"46145",183224003.864899
"37943",8514523.37457275
"54284",33118055.7261047
"54281",20590433.1759033
"66575",19204033.870575
"37952",5791012.6572876
"78896",38768236.422821
"78909",38968829.2760315
"33724",63804947.8547974
"21428",39975028.6906738
"91200",57648023.2055664
"70715",71075370.4368286
"29638",2206675.64343262
"9140",31561341.8732605
"66538",354958918.160034
"33675",6887223.77349854
"82951",144815547.755981
"33673",3651787.30947876
"37926",4121448.6322937
"33694",26640443.3414307
"21392",37828255.7815247
"37874",73663979.8881836
"78881",77215434.3781128
"46074",101385214.934326
"50180",6726245.2953186
"41990",35358116.1912231
"103431",29624402.8591309
"37893",3454454.47488403
"37894",1118998.67025757
"21407",26971048.0551758
"37891",42194637.1872559
"13222",69848911.3782959
"29556",45616198.4490662
"33662",2762989.03015137
"33659",1440056.04147339
"46036",28303614.0047913
"41941",10621785.0778198
"54234",45812428.2740173
"33656",3970837.54086304
"33669",5638064.31216431
"41936",6671093.33132935
"21373",11807298.2842407
"46041",12982815.6080322
"33666",5872378.77059937
"33664",4638976.365448
"82892",69214022.0209351
"70659",140963534.535339
"46052",80433362.5932312
"41958",19569249.6263428
"13175",60110631.1968079
"21377",20385963.0658875
"53927",33265651.9238892
"13183",28346894.4130554
"45735",22969558.3345032
"62140",36162256.5080872
"25427",18878296.0509033
"62135",57392516.7608643
"45747",32566731.8916321
"41653",7535312.79663086
"29533",31444139.4430847
"70619",18569162.9648438
"74711",36701441.3041992
"17232",85337201.1081543
"107468",5320564.39251709
"74721",1553441.16943359
"107465",1929967.62374878
"41658",3937912.57806396
"107466",4402646.65777588
"13150",62832735.835907
"45766",12309760.6731262
"37562",73574791.9588623
"82613",43667136.4841614
"29736",35525521.3858948
"25642",8677554.1758728
"45703",8424974.57571411
"82622",89441671.0236206
"13358",47434803.80896
"37513",16502545.4908447
"62104",82432308.9138184
"45716",25712085.978363
"107491",8836226.28057861
"45725",23077360.4771423
"37523",23064212.6203918
"29766",26401052.7771912
"70342",59427805.5774841
"66151",126015754.534302
"45720",20581306.1917114
"29710",79258368.2461548
"41635",94215169.886322
"86672",177798797.775696
"53864",164758988.746948
"33812",74037166.4445496
"62077",56687608.9768677
"74388",35235810.5201416
"49777",53595355.1730957
"74396",72154339.2198792
"25629",1891161.66259766
"25627",1058244.1529541
"25628",731851.99206543
"107200",8921844.9850769
"29733",25381480.09375
"25626",1797259.46893311
"5127",25984838.0803528
"37487",15222401.3834839
"37501",5957449.11279297
"45701",8312873.76269531
"29730",26247128.5190735
"25633",2900219.81314087
"25632",1758882.23254395
"37503",7065697.40484619
"49750",46468940.5048523
"37454",8927675.75692749
"5153",10328864.846405
"41558",95523977.9529724
"45661",68005091.9981995
"90699",69709132.1965942
"62252",8358683.97949219
"33742",25098983.0874329
"49760",31276451.4094238
"29645",1118430.66970825
"66353",68925308.5750427
"37477",26454118.2687988
"29643",890197.473297119
"29644",1502097.51647949
"29641",987987.463256836
"29642",907068.594146729
"29639",885734.781005859
"86622",3651794.99349976
"29640",1044766.85333252
"78418",129269930.573486
"29654",1900211.82925415
"41772",2029232.42437744
"17358",16804941.2954407
"17355",5541514.36294556
"29649",1480092.25402832
"37676",2694722.97402954
"29650",2396829.73171997
"21448",36859587.3011169
"29648",1697251.44656372
"49968",22165467.9617615
"37671",2797221.91821289
"37672",2096181.47238159
"90719",120769985.474548
"54071",25857332.6744385
"86623",7923239.60757446
"58179",159680312.208649
"29670",14807240.2816162
"5078",2476720.08987427
"37689",4015245.83709717
"29663",9188314.93002319
"37690",6624199.18832397
"17367",22782670.5675659
"37688",6289932.63696289
"37701",7656149.79473877
"5084",5433389.96362305
"5081",2679978.90023804
"54038",69349634.4570312
"37695",8104421.40023804
"70440",52151287.012085
"37643",2093884.30908203
"78654",50239616.6338806
"37642",5232174.64370728
"102999",87992079.8653259
"8876",57153734.8682861
"70462",19809249.6975403
"94997",58295348.7084656
"33420",3847062.22558594
"12985",56664298.9754944
"41764",10238112.675354
"33418",3223059.68173218
"37670",1163842.44845581
"95000",43458523.6211853
"8897",52165527.0397949
"33424",4702272.86447144
"37609",148514730.534363
"33435",8457560.78720093
"8839",23752436.349823
"33442",22904318.4225464
"82664",78578699.1802063
"33405",1968226.0508728
"21118",6045454.56921387
"33412",3548860.24609375
"12913",37468181.0292358
"21115",2810839.87155151
"33409",3548343.99700928
"41692",10852339.6721497
"45795",25811762.2612305
"107240",10520008.3457336
"45793",10392796.2382202
"8830",3170405.58598328
"12933",2738602.41836548
"12934",19081380.5648193
"41696",15326486.2533264
"46508",16688498.9945374
"58802",48744332.2627563
"42411",1681666.71868896
"58814",73276011.7774963
"12875",27029152.7235413
"70352",73184555.4544067
"25179",28344683.9977112
"46523",27548677.7075806
"74467",1232798.41555786
"70360",48754708.5634766
"107212",8753865.95861816
"70374",33305969.9983215
"74466",6108371.80328369
"25187",76242714.466095
"42438",6450023.28314209
"107219",7809041.00604248
"12901",24748218.9481812
"54678",16088795.8361816
"25385",5620642.44122314
"25395",11639683.2136536
"13099",23743049.1137085
"33594",125502809.352234
"25405",24134639.8354492
"29498",27908443.5494995
"29495",22242846.9744568
"99730",76787454.2781677
"25400",18428459.4785461
"25412",35569984.2844543
"13114",44774971.8409729
"107954",7236177.35028076
"107966",4826592.09857178
"50549",24237750.5881958
"38247",12533949.8646851
"87460",96671850.0822754
"107971",4803426.73629761
"58744",26159366.5973206
"62850",62056894.8451538
"38255",2989939.80740356
"46455",13061948.1781311
"38268",12245061.3820801
"25379",2646425.28546143
"25377",1255425.36044312
"38263",15444712.0723267
"25375",736839.064910889
"25376",1063229.23864746
"4891",8527836.0262146
"4890",7345377.06735229
"29429",15110465.8578491
"38272",19979068.7973022
"33519",75495286.119812
"29425",12747105.3250122
"38220",8738801.16720581
"50511",37667929.2327576
"38215",11772041.0722046
"8940",42801628.1897278
"38230",2787639.43011475
"38228",6724656.57910156
"38225",23130117.1022339
"79234",12514082.2937012
"4852",22881817.0135193
"42342",36901608.7156677
"29389",744799.686126709
"54828",7986942.74606323
"29390",1002427.61206055
"29387",4215909.56369019
"50731",36366062.2820435
"29388",1082991.46575928
"38243",14966491.7727356
"8954",49545237.1055603
"29397",1342945.03469849
"29398",973019.25289917
"29395",1068424.32629395
"29396",1112228.01370239
"29393",1045812.27386475
"29394",1402352.35968018
"4868",18379620.3321838
"29391",990473.554443359
"29392",887845.569213867
"29405",6070113.68780518
"4863",17387684.5227356
"38440",9156397.99133301
"29403",1859275.26147461
"21201",70295079.4289856
"63044",227233123.24353
"29401",1427044.35897827
"29402",1603520.6088562
"29399",1313799.77890015
"8918",38913392.5101624
"29409",5946250.65487671
"58892",66649400.5784912
"8912",37240528.2204285
"4829",2438150.51983643
"4830",1334043.63439941
"4837",12902458.6790466
"8929",34530289.6434021
"42503",38773115.6013794
"26035",35739876.9475098
"67110",49332532.4169617
"91713",140507915.240051
"4834",6199981.00637817
"4831",1999393.1222229
"30142",843818.147674561
"42514",19095814.8882141
"30147",1075336.15637207
"42521",7272153.67773438
"75329",418579147.711517
"30148",1391709.23275757
"30145",615059.761535645
"30146",1447464.35891724
"38425",1829223.26446533
"34190",11841730.5735474
"30143",972928.332794189
"42533",24469298.8859558
"38426",3229745.26208496
"30144",796731.261260986
"38423",1300745.89840698
"46626",141944393.754608
"25997",17212687.9727478
"9658",30559861.5725098
"46574",63276227.2805176
"79379",105693783.468964
"42478",39897576.6630554
"38431",6962133.16030884
"38381",63799342.9410095
"26005",41358487.517395
"71187",69095058.5041199
"42471",27445874.1535339
"91684",25147069.9582825
"83489",25461924.2614746
"9607",25282201.1419678
"50682",1694152.39224243
"34211",32070075.2455444
"50680",9101975.74716187
"62926",311753917.380219
"58879",28115452.9844055
"79394",42035759.1573486
"42487",37928615.8583374
"34163",3450321.56817627
"46538",8969406.32019043
"34161",1555250.97964478
"21868",7209735.90002441
"34162",1358247.72940063
"34160",4064144.04272461
"42454",28737824.8726807
"62948",68643618.4004517
"34167",6073677.78060913
"21871",10278540.1695251
"9589",16809836.9836578
"46565",182077870.522736
"13694",29371228.0000305
"95707",77949982.0380859
"30026",22321049.17276
"83410",108473638.376526
"38367",65713153.6300964
"30036",49114120.7848206
"9601",37808800.7449951
"38060",25082591.4223022
"71122",40566472.7782288
"42160",5043507.14138794
"75224",1585943.50738525
"46265",15026253.1820374
"107979",11528796.2589417
"13670",38021018.150116
"87227",139171143.969513
"30261",83799914.006958
"58511",61198538.7355957
"107993",20090641.0178528
"54427",69564858.5234375
"99468",98904186.9819336
"26168",34265243.4876404
"50285",50217811.3132019
"46242",40034146.8113098
"42147",17386752.5397949
"78983",3337551.92849731
"62589",64484182.8643799
"17984",131235522.970154
"26133",2600542.14730835
"26129",815876.601287842
"26130",2511730.25292969
"26127",598691.944366455
"26141",4936592.35632324
"38003",9778025.66452026
"13845",7601501.96595764
"66637",107121784.009094
"42095",170570881.687378
"26139",1760695.5562439
"107711",4437199.35003662
"26138",1773919.04168701
"46202",7333245.38571167
"26135",2725990.61141968
"30243",1422881.2986145
"26136",2056856.06018066
"30244",9835806.70169067
"30242",14280573.2780762
"54349",114722007.039642
"26148",11701703.6548157
"46209",18023045.0224304
"13849",18368179.7267761
"62558",121869880.988983
"37962",6813423.69769287
"21999",51590251.9283142
"5612",18611598.2054138
"37968",14584538.4615173
"34303",87744791.1831055
"42074",94371927.5788879
"66870",133672739.907837
"42085",158580997.399384
"30157",2155720.23834229
"30158",3097126.96966553
"87121",11060655.8607788
"9724",5425938.04504395
"62772",76581929.6713257
"30154",4296669.96426392
"30152",2435730.48434448
"5623",13820693.4604797
"42283",10658631.7138062
"54578",13224948.6906738
"42291",130692738.781494
"50494",51337414.4638977
"5581",7376488.51045227
"46384",187169906.775085
"5577",3182046.50198364
"66827",31219783.3178406
"91434",29514465.9041443
"30181",5606184.51855469
"91432",112874674.589233
"17884",20461851.5121155
"38204",9317270.99072266
"38200",10232304.1111145
"58632",17390785.4447021
"38209",18772363.0231628
"54550",74927105.8993225
"5592",26108703.0274658
"70961",34730720.6542358
"62757",17637466.0992432
"29893",1349646.18695068
"42267",11759185.245575
"29894",670063.950958252
"50470",24819575.7428894
"38173",1733512.14862061
"33986",24489717.6526489
"29891",1330141.97735596
"29892",875464.308380127
"38172",1069267.56210327
"21701",11739553.0368652
"54510",53457741.4348755
"46372",104816704.498199
"33931",15255908.6425171
"54503",49010614.3833313
"42274",10487380.5046692
"42271",7775099.8616333
"38178",3755003.04406738
"70934",69464628.6708679
"33935",7527646.52487183
"21639",30398389.1534119
"25747",14184038.1816711
"50430",8568132.19876099
"54520",96543318.7077026
"13455",27279301.0592651
"21658",34180509.119812
"13456",57266740.7025452
"25763",79345636.5117188
"21663",42956342.2774963
"33909",3920874.02365112
"38145",4285050.00613403
"25715",131654539.235748
"21619",4256097.8470459
"33913",2389590.47009277
"21617",3248854.00894165
"33911",1621716.16305542
"33912",961929.042480469
"65454",58924840.9987488
"33923",2617188.1751709
"9333",9664818.83796692
"70903",51631976.9717712
"33924",1734782.4798584
"33922",3667074.94494629
"57261",87030046.805542
"42200",17465652.8193665
"42213",21825953.1358337
"13444",35195369.4293518
"74962",36730285.8945618
"74973",2261563.56900024
"53177",3176702.40924072
"53178",19988229.4536438
"98229",51074647.5377808
"74968",8878672.87155151
"107725",5077589.48370361
"40894",28830163.3714905
"107726",6257764.41540527
"98224",7439706.89706421
"36758",18166351.1056824
"49049",34130005.6764526
"61343",19700095.4529114
"73669",47984736.3752747
"30021",24365337.1469116
"25926",14486515.344574
"44963",17459241.669342
"29966",51007623.7860718
"36717",37632938.0705261
"25877",919564.796386719
"40810",12728097.6855774
"25878",600605.334869385
"17673",22488253.3272705
"25876",640282.88381958
"36711",22597303.2443237
"44911",30624544.1599121
"25886",3263412.97671509
"49017",58378491.9276428
"17681",26255330.3555908
"25881",2436175.26559448
"25882",1502944.91262817
"25888",3884082.79794312
"61263",40464370.6481018
"5402",23775898.340271
"53072",31426596.7919617
"36682",4951706.85690308
"5410",12064793.7135315
"36679",4892471.57684326
"65375",152431666.686707
"57189",6474824.20285034
"36690",6030241.43579102
"36688",12185807.3325195
"53090",103506259.735321
"77641",50914148.3327026
"9468",39331787.3775635
"57397",119527308.928589
"29900",1953854.51123047
"29897",1374865.68530273
"29898",1551595.02947998
"29895",878952.79486084
"5369",14088530.1512146
"73557",54375896.0224609
"29896",1455802.09823608
"29909",6839768.61978149
"9473",7822276.65216064
"34013",48968510.2134705
"29906",3169194.14294434
"29903",3492906.61801147
"69455",46873799.8099365
"29917",9013352.7855835
"36918",3278460.13772583
"36915",3417893.80404663
"41021",5587399.35696411
"29912",6268073.63110352
"29925",11368832.427063
"45114",153122825.201508
"21721",209524781.501373
"5333",7766302.61322021
"5334",4326221.47555542
"5329",2629832.25192261
"5327",2381430.16722107
"36933",2656749.98574829
"32682",8949271.11685181
"36934",9515814.90814209
"17635",34839597.5006104
"5339",11376599.8989258
"69676",94781309.402771
"41024",5000238.10903931
"20396",56840230.4429016
"40982",29758413.9248657
"32697",36156377.4510803
"57380",13798830.3530579
"57378",18939556.6678772
"57376",66671988.795166
"36889",50066904.7252808
"28557",45373290.6127625
"12230",32930331.8296509
"32662",3850435.05780029
"57329",58411507.212616
"32660",3425838.67684937
"20363",2274164.61105347
"40939",9270473.74285889
"32658",3170290.27243042
"65528",27642056.9066467
"57342",31359405.0419617
"32656",2343880.64611816
"40936",7179245.97354126
"32668",5279556.26815796
"45039",9457265.54116821
"81899",55270442.1938171
"40954",13140798.7035828
"32622",110660336.256775
"8080",10065766.9393768
"20387",31571726.8181763
"69613",18164178.7653503
"45005",2495546.80502319
"45006",1090518.66397095
"28519",25858470.4999084
"24423",15211644.066864
"90116",5890642.15274048
"45007",1419611.71716309
"28539",24967577.8143921
"45008",1367931.25128174
"28535",53696448.0361328
"28545",39776391.4465332
"12157",32075454.5908813
"40933",4086616.49490356
"61110",95104728.4883118
"69582",195035628.937744
"106480",17073011.4033203
"44716",15311448.7238464
"24405",22264390.4801331
"28497",7922168.7421875
"36524",56939021.8845825
"44724",16774966.2446899
"28496",13497858.1941833
"36519",17267732.0414124
"24402",15342235.7272949
"106446",5618050.8477478
"97969",53879916.5262756
"40633",27058782.6550598
"12120",33849290.0282593
"106447",9789709.30645752
"97990",73243320.0924988
"106462",2020722.97799683
"36494",5847893.93997192
"44694",7873963.44226074
"24626",2982943.37594604
"24623",2220746.64147949
"106467",4616024.17559814
"4141",11108261.064209
"36502",22818641.0271301
"106465",2093585.33300781
"4142",8335627.60238647
"106466",1763185.4256897
"110253",1677920.378479
"106463",2633348.79559326
"110254",6987667.80126953
"110251",3286927.32284546
"4137",8525963.12081909
"36498",6709685.95385742
"44697",7285360.53222656
"110249",2073201.1539917
"32834",194451259.715271
"110247",3242292.93447876
"36510",16021041.0780029
"24643",12337733.6665344
"36513",28537354.7344971
"77458",86527192.2313538
"65144",82985405.8702698
"40566",44071278.6648254
"61062",64552139.4057617
"40560",16773430.5310974
"48759",29439879.7773743
"16400",99813172.0226135
"44666",10315671.1924133
"32802",46494921.0843201
"16414",56572378.5108337
"52811",52337149.5991821
"85620",32287231.2090759
"32744",51618073.3601685
"28649",1158156.23776245
"48713",25196972.5762329
"40525",4813059.89343262
"40524",4445778.04714966
"40522",4549800.402771
"40519",2789800.60787964
"28658",5472177.79953003
"110243",2554629.92675781
"40532",20221321.1329346
"28667",18016195.3575745
"56933",57977699.6105957
"4078",331372.745300293
"56934",12143275.2750244
"8170",33540551.3573303
"8182",29372470.4374084
"28675",21473981.2892761
"65320",28383551.1817627
"36441",8828036.20196533
"4081",4297508.94622803
"32712",55261870.6795654
"36448",11635238.1614685
"8195",33758548.5343323
"69206",17398413.585968
"28637",1056776.48162842
"32729",35858847.0994873
"28638",961062.095245361
"20436",59287290.8695984
"28635",731333.620727539
"28636",1046968.60791016
"32742",17432176.3788452
"32739",10064854.0605164
"40766",7705749.79516602
"28645",879107.030670166
"28646",1840035.25
"28643",1152210.75195312
"28644",1358142.32138062
"28641",1593153.16333008
"36668",4193223.20233154
"28642",623123.452697754
"28639",1035722.06497192
"28640",1297840.06417847
"36677",4522469.37680054
"36675",3985313.60671997
"53000",42822476.5260315
"36673",3922315.5168457
"40713",18345553.5519409
"11946",63873524.5490723
"101989",50096876.811554
"7849",30324403.1289062
"53016",30878366.2035217
"40719",28493554.7148743
"24251",26334450.8931274
"40733",20544747.0642395
"53027",34791726.1225891
"32449",20443154.4086914
"24247",21726247.2247925
"40732",6837998.72814941
"11960",58780592.2457886
"32405",1436127.85415649
"11972",47296722.6694336
"32404",4537217.41159058
"7871",31086280.2070007
"44787",9005519.68347168
"32411",2356374.31201172
"52988",31527511.6696472
"44786",4748404.04721069
"20116",9230851.5657959
"32410",2305332.57348633
"20113",1876680.35028076
"20114",3428179.16342163
"52983",29231686.2987671
"40687",8306657.47796631
"52993",36169287.5225525
"85738",43545727.4179688
"32415",5150124.80151367
"48898",158109316.988281
"73451",110698436.433136
"81651",35964578.9942017
"93944",111276199.315521
"73461",2897542.49490356
"57042",86483406.6704407
"44743",24012660.0249939
"73460",6380560.18649292
"44757",1671584.68774414
"44758",5411111.86245728
"44755",587612.149780273
"44756",1446607.05044556
"11884",48315017.3311462
"48848",94507826.9309082
"69359",9763789.29855347
"57062",89813541.618866
"69371",58828903.4753418
"106221",23315793.341217
"85705",107364965.028687
"11901",35170724.7522583
"106215",990851.232391357
"85715",69742248.9028015
"106237",5064311.78134155
"36576",291449500.527618
"106235",5479465.98513794
"45479",24927389.1754456
"24149",13729163.746582
"106234",6077559.64929199
"81625",102199895.254517
"106231",4911149.32073975
"28239",77972016.5606079
"106232",5490918.87258911
"45502",20924939.4684448
"37298",61262568.3866882
"98739",124796058.350159
"11858",31604326.7414246
"41401",23555479.5532532
"45509",7203784.60690308
"86440",106174801.930573
"45507",3174777.43218994
"32558",80769620.312561
"74158",114115852.692047
"37304",41965643.6159973
"106195",8220158.57217407
"41407",13880112.1912537
"28467",7158370.9984436
"49555",30433077.4034424
"24373",1096267.80227661
"16171",26866875.3783569
"24374",1576425.97055054
"106213",1592598.7321167
"106214",779710.744537354
"37270",14300058.6100464
"24381",6335603.66372681
"24380",6928651.03863525
"24387",11263885.459198
"16184",93321697.4157715
"12089",903497.233840942
"24383",6619073.03552246
"12090",12245934.0534515
"28427",29634542.8341064
"12096",20014992.7652588
"61818",41870341.9117737
"7948",16975467.9969788
"37232",31946158.9298401
"49542",48110552.8819275
"3860",18609772.1383362
"37239",18766619.6117859
"28397",2287043.33380127
"3856",16722616.0664062
"32490",6963545.65322876
"49483",43068835.0629883
"28396",1597375.02697754
"28393",1452929.05584717
"28394",1780466.22436523
"28391",692517.742218018
"3865",11559233.6103821
"28392",711103.682434082
"28405",4284891.02474976
"78205",88458545.7545776
"28401",6310497.88580322
"16105",23997578.9299011
"90497",65057772.934021
"28400",3332330.58834839
"37192",8101958.97271729
"37206",9774426.90527344
"16114",33269506.9362793
"45401",96133333.7460632
"37200",11106344.7478943
"3830",866661.986236572
"41318",28718189.9514771
"3837",9599194.29641724
"7927",21071452.4694214
"3833",10933968.8387146
"24265",42120175.4458618
"57906",216219595.649902
"24266",42262905.8763428
"3831",3208394.40292358
"37421",1666229.41043091
"3845",12377943.1925049
"53810",89028103.5832825
"20170",40642094.7407532
"37419",1823484.73550415
"53822",21578052.9769592
"41526",5592331.09457397
"41522",3885585.30249023
"41520",6599500.40161133
"37425",4639915.09188843
"37423",3484647.02154541
"28389",1160401.14886475
"28390",605256.415802002
"41532",23330876.2629089
"28387",956617.050628662
"28388",963608.192993164
"28385",772107.393890381
"28386",801084.76159668
"53774",37025608.272522
"28384",313686.99130249
"66068",38681082.9673462
"37446",12002936.881897
"16100",2279044.32070923
"45582",71009564.8249207
"49679",18957664.9328003
"66084",38616362.8807678
"53797",63918083.8865967
"57837",56136516.4891968
"33165",4288829.53341675
"20931",27348493.9902954
"8638",28011556.5888672
"41508",31966097.1137085
"29068",46376710.3420715
"33160",2820579.16146851
"94755",30704103.0104065
"33170",4909295.08395386
"29076",74515695.7633972
"57851",11964770.3840942
"57852",49651695.2714539
"41459",13953483.9640503
"20882",21194290.9330444
"24990",12156721.5200195
"41469",20943389.0129089
"94710",64639274.8533936
"29094",189434445.49176
"53761",42355127.0083923
"70181",21844050.4659729
"33186",13067795.4499207
"41465",20476801.3262939
"29088",198407678.78009
"24993",24496871.1663208
"24991",7559561.09655762
"8602",25065411.894104
"74216",5361345.78668213
"8609",65234818.0595093
"45526",45547992.5141907
"70132",109769166.70517
"33158",1578681.14538574
"41437",7913191.12988281
"57823",52322939.5934753
"33154",4889801.93240356
"106983",27493374.6420288
"106997",43953514.6950073
"45538",12761046.5058289
"29004",12274112.8942261
"57523",119569343.365326
"20864",2375851.41259766
"53429",16490115.2026062
"53427",19455342.273407
"8582",15584413.4854279
"29012",31705171.4624939
"45237",18082974.9109497
"98475",17388743.7266846
"12625",23374501.3196106
"106958",10118927.6824341
"24920",32585798.4440002
"41145",14958530.3094482
"70115",16767233.690918
"45254",9974304.87240601
"29026",37850892.472168
"41157",9088501.8734436
"106965",1418977.28695679
"106966",1740226.4989624
"106964",2178442.59164429
"12632",41803104.4215698
"25132",4488467.45721436
"25129",2042445.92172241
"61597",19991957.0296326
"25130",2062523.73959351
"106971",11781409.5505676
"25141",10355953.2945251
"106967",1676729.18130493
"61591",37025628.074707
"45203",16265461.0832825
"37001",6411482.55789185
"36999",5789315.42712402
"25138",6925908.70733643
"57495",27591528.8155518
"12842",11929936.3221741
"25136",7804405.30810547
"45200",6494543.51748657
"98450",113790549.172272
"45208",25353782.8355408
"29247",8510434.62335205
"77981",23126548.3310852
"45168",8295521.45883179
"53381",129324814.591034
"65607",58483729.1695251
"25125",814571.312255859
"25126",2311001.8243103
"25124",530014.978027344
"29165",11777001.978241
"49229",29899427.4277649
"4637",8777583.62213135
"16932",46716328.5088806
"36996",18720120.3510742
"77942",125030590.041473
"4636",14870784.8122864
"4631",29862227.1578674
"29171",14392375.4438477
"49241",34278331.0315552
"65838",54899200.4523926
"33286",76738508.3501587
"90183",100310762.809082
"29190",84677283.2922974
"57440",10717594.5024109
"36953",12024033.5921326
"41061",18244997.3501282
"20995",112596633.490906
"4605",14512762.0081482
"41262",11802108.162323
"36959",10679343.6008606
"29141",709985.752807617
"29142",1452236.03314209
"29139",946340.480682373
"29140",774008.178344727
"29137",1361330.55908203
"29138",900091.168762207
"29136",539486.627044678
"41270",4736366.34136963
"29149",1593243.9208374
"4608",12037934.2835999
"16853",2840770.3203125
"29147",905453.160461426
"41265",9600950.93154907
"29148",1070949.63568115
"37172",5619293.12985229
"29146",1055087.5378418
"37169",2145784.36230469
"29143",558322.060058594
"41277",10864288.6864319
"29144",1031732.16732788
"37167",1081264.40719604
"37168",3580594.31817627
"29158",3280588.73947144
"57613",56107056.3935547
"37182",7146340.58206177
"37179",4142085.04751587
"29151",1773949.21066284
"8656",28240998.0896301
"37178",2878325.56091309
"49472",37602667.494751
"37176",4701436.26535034
"16868",26274019.4414368
"20651",47778200.9230957
"57615",52999358.9528198
"82237",69101252.1765747
"4582",3098087.79931641
"4580",891260.221374512
"57628",10215597.1855469
"4577",644499.121368408
"4578",1096604.82925415
"65774",26121938.6790771
"57631",13425425.5214539
"24774",25269425.6671448
"32907",1821183.39260864
"32905",5653045.74700928
"28812",56218832.4878235
"20671",21706072.7829895
"20621",14992482.5159607
"32916",5785825.15441895
"57597",22799292.1772461
"32912",3939844.51916504
"20616",6994038.24716187
"32926",9641355.24197388
"32924",8329012.32495117
"20628",22369002.264679
"32922",5486572.37017822
"24734",34184928.9144592
"41200",20806589.9204102
"28823",39055197.8517151
"24732",47169198.3811646
"8342",31818140.7243652
"32929",11593911.0150452
"12431",16387986.9348755
"24739",41367474.7619629
"61654",111177319.363831
"45261",9922147.74084473
"57555",93960159.3100281
"45258",1750786.75823975
"45256",1597182.90093994
"28788",25971836.9741821
"82169",45245559.7483826
"45265",8234402.96844482
"82168",15862509.7119141
"45266",11318847.6686096
"60331",35462842.7132568
"106741",16729270.9822083
"41183",3987223.60913086
"60350",60438409.0873108
"28753",3897962.95397949
"43957",25875957.1394958
"35755",40024985.2389832
"28754",12357943.7558899
"28751",15789706.8822632
"94431",83101334.6641846
"60344",43630025.6556091
"82135",74545069.3607788
"35769",22046484.4217224
"24877",2982309.7635498
"28969",40041855.0884705
"106717",2010650.23217773
"24874",1952163.04681396
"106718",1839104.56079102
"43914",6828320.19546509
"12383",38714882.6740417
"106712",5589677.72671509
"24879",3895074.73165894
"24880",3945837.81515503
"76728",2646176.28939819
"109494",13545806.0515442
"39832",173893748.240753
"12601",24808234.1768799
"48032",34683191.4108276
"24895",10834635.7989197
"47982",30037607.9808044
"109487",7215603.853302
"47977",24667651.1013489
"35745",6847204.91433716
"39790",14401543.3013
"109497",4185907.41650391
"109495",1636456.9197998
"109496",2472469.88092041
"84902",182452969.863251
"39796",70547416.1108093
"39791",14032806.4169617
"35700",20771928.31427
"16670",25078324.8509827
"4372",21431174.0161743
"76654",94310943.038269
"28960",49513937.4915771
"28905",7320612.04272461
"68455",42678384.1019592
"39755",12973036.2814636
"28912",9746176.56710815
"39765",1925768.73916626
"39766",2678544.06903076
"109473",7597005.25292969
"39764",3236768.67913818
"39762",4824712.33187866
"39759",7819230.38275146
"16625",40270009.8717041
"4329",1040224.93185425
"35665",2896440.66860962
"4328",703531.790328979
"4341",20669886.0568848
"39772",5986594.22952271
"24837",417306012.747101
"39769",5090171.5718689
"47972",25646908.3018188
"35675",6517359.94573975
"39767",105684.202758789
"47968",26311098.8847961
"24781",41117937.6913452
"39777",8882636.41281128
"35686",9205604.15011597
"35683",9755929.41152954
"4348",14247775.3154297
"64573",43007131.0099182
"4345",20274398.5160217
"39776",5950890.98501587
"32977",27226907.1050415
"28886",763311.780731201
"24775",23979633.0571289
"32978",14359800.8140564
"20682",24085362.6975708
"64581",44282786.8400574
"4354",14655537.9314575
"28893",1645358.83395386
"28894",1054935.85751343
"28891",947560.786224365
"28892",838268.622772217
"28889",928540.07208252
"28890",1303491.95687866
"52280",55787234.1461182
"28887",867321.427001953
"28888",1207727.32516479
"28901",2285111.86810303
"28902",4386438.77368164
"28899",1495424.09701538
"28900",1233117.70556641
"68454",8500189.42398071
"28897",1455336.36416626
"16604",7242087.87680054
"16601",2873889.03057861
"28895",988611.381652832
"28896",814956.399078369
"31660",2180163.31283569
"64529",103165746.439636
"93244",60358950.8322449
"31656",3380829.28097534
"52244",46391995.5528259
"31666",6879303.99230957
"44039",51338001.727356
"39948",7381456.95407104
"31663",4917830.94445801
"93252",25456097.22995
"31675",6754124.58670044
"7085",13752001.0499268
"89152",146134437.845123
"52259",27958406.2457886
"93205",85342783.1625366
"101215",91884998.1575928
"7088",16721227.7483521
"39969",30117441.1806335
"80916",20588950.1512146
"15246",127664653.514587
"64515",35971988.2512512
"89120",32968088.1135254
"31651",3698906.79550171
"31652",1914133.69445801
"80877",150839007.389923
"39932",6147458.76394653
"105481",12890805.4377441
"39930",3007347.8359375
"39941",11338665.4585876
"105489",30980495.8992004
"68587",61060201.6182251
"27498",12179158.103363
"19360",846014.484680176
"7077",1699935.19850159
"52182",12474905.7608643
"43980",26707993.2203369
"7078",10470562.4184265
"39883",911865.352813721
"27518",50308729.6082153
"43984",11108458.4742737
"43995",6145312.09689331
"43992",13765536.13797
"72706",21959207.0462646
"23427",28278669.1711731
"105461",2138576.29229736
"44002",15402156.0566101
"105460",2945736.00396729
"11128",65037291.3092957
"23371",1788323.76043701
"97251",36145926.671936
"23370",1167399.60302734
"23379",7070294.6468811
"47806",105688495.084625
"23388",7809862.39028931
"11092",21604678.1822968
"23386",6311744.27133179
"27494",17804712.2438049
"11087",8869489.1572876
"27489",55529902.8944092
"35515",21167090.0229187
"64150",76095299.7118835
"47758",27997537.6482544
"43662",7619466.55056763
"51857",145234748.460541
"76477",3055880.79412842
"39559",33937124.743927
"72367",128809075.04361
"76473",50721278.1722717
"109227",8966081.72232056
"60011",38190387.4879456
"23621",1008847.59594727
"3124",5113126.15237427
"60008",12826774.6832581
"109236",4357493.30923462
"31754",70308818.5771484
"109231",20227148.5650024
"109245",16472800.658905
"35492",4329567.86190796
"3128",9531068.35510254
"72345",302151031.828888
"3086",3467010.24316406
"51832",173831146.666626
"39535",19969757.9000854
"31782",17211331.0385437
"43642",115551395.066132
"35440",8846460.83084106
"19481",153681519.231445
"3094",14255714.4830627
"51790",69761725.6535645
"76393",57722279.7906799
"39554",57861559.8583679
"3100",13820112.8114014
"7192",5954086.86715698
"35455",17463403.9770813
"27637",586028.982147217
"27638",594698.055603027
"27635",974350.862426758
"27636",1333037.02645874
"27633",789053.60043335
"27634",1215906.70245361
"109222",6214142.33743286
"64102",67196683.5202332
"109219",6478462.69708252
"27632",786671.801727295
"27645",1715744.76498413
"19443",104682502.080048
"27646",1416969.82641602
"15349",1803358.67440796
"47709",11385148.8070374
"31738",28333784.7098999
"27643",1949822.56607056
"35414",3508238.44393921
"109216",4516082.9223938
"27642",1991503.25796509
"47705",6169622.34161377
"27639",779024.440307617
"39517",4268304.50531006
"35410",9380448.56341553
"27640",1113850.79055786
"39515",1870268.60372925
"27654",5694196.58456421
"39516",610934.464630127
"35421",7598119.9473877
"39514",1032719.82669067
"27649",4195830.3230896
"35417",3180310.77459717
"27647",3015472.21759033
"47711",20939671.0281982
"7165",19866780.1992798
"35415",1119778.83911133
"56106",78338498.6134949
"47926",24451662.6036072
"39722",26963669.4275513
"39731",26307409.1326904
"80485",67414329.8949585
"7113",17540478.859375
"7114",31783531.1151428
"11222",8704218.72296143
"7133",28474600.9565735
"39750",17078795.9610596
"11225",11846987.7229919
"31401",2627461.990448
"11223",6620321.38803101
"7129",14344698.0505981
"31413",4126135.79333496
"11238",79406287.2518311
"31409",1828278.21920776
"31410",2398472.26773071
"51986",30032122.4669495
"31407",2330867.39251709
"19114",8483357.4284668
"31408",2075114.665802
"47889",126682777.834534
"39687",10291100.108551
"19112",4477902.70755005
"31419",8461368.00448608
"23216",24528453.5655823
"19122",21833749.7181396
"80703",136713699.518738
"31427",9969310.40100098
"60141",40516263.3037109
"52003",46512260.1352234
"39710",17248979.6691589
"39706",11212338.0438843
"31369",56047695.302124
"60147",38331837.8081055
"80659",9982142.80838013
"6841",25016567.0358582
"6849",26114264.2000122
"80663",2913925.66830444
"80664",2088411.0090332
"43760",21856328.9960938
"14995",6209816.71627808
"31398",1858789.45898438
"23194",68437680.0974731
"64200",81631381.3888245
"84712",14932484.9171753
"43779",8884308.8795166
"19110",3330963.68896484
"39683",6337717.55172729
"10903",29160156.7133484
"60114",87269314.5812073
"10918",27087522.9200134
"10911",42455847.8483582
"80635",38170941.9212646
"27247",11343240.6206055
"51931",5659608.50720215
"96972",22254446.6943665
"51932",3818089.87796021
"68349",31354434.7973633
"39633",22367598.9351501
"39631",11786677.0037537
"39632",1896689.09274292
"43738",15332999.8155518
"105196",34110736.755127
"68356",4761175.91113281
"68354",4426252.35165405
"23169",21438011.9253845
"39652",17224653.1934814
"84689",151435765.120514
"27209",28885359.4983826
"96995",64989658.4872437
"48552",35211290.5958252
"23125",7007234.31933594
"44470",18515214.0053711
"23124",6852456.79721069
"105219",25093650.5731812
"23120",2324822.8732605
"10837",5648041.3218689
"72407",55041173.3920898
"23131",10178115.978363
"10835",3017981.78453064
"44486",16810447.9709473
"77230",10667623.444397
"72416",104799598.284088
"64915",191190924.987946
"14936",35054534.5602722
"23138",11622191.2400818
"60819",59623243.2462158
"36293",75811637.1925964
"36237",29690949.049469
"10847",18428955.1822205
"73135",54553960.9191589
"36245",2204574.64990234
"36246",2768357.79492188
"52631",256018990.590851
"109998",2488937.66244507
"56738",31593347.7558289
"109994",3592188.14709473
"109991",4462006.27871704
"110001",2290656.19903564
"27404",4971268.68109131
"36205",13595399.1307983
"48499",34549938.2182312
"40295",73562645.2265625
"73104",99855562.532135
"6924",21935817.4590149
"27415",42494646.2156372
"48503",27290898.5308228
"60750",18547398.9973145
"27427",9477443.32662964
"6928",23782330.1621094
"6939",7821144.63259888
"31466",65246209.3504639
"6935",9414980.51107788
"109980",9289106.46585083
"40270",3628927.77368164
"77169",148762569.884583
"27381",453530.180938721
"2839",9051975.48632812
"40267",2221491.17913818
"27382",923984.651397705
"40268",1388872.52676392
"36173",5013008.28659058
"40264",6789878.35559082
"36169",1330255.32406616
"36170",2471299.70980835
"36167",2558473.9414978
"27389",1191049.515625
"2847",5542643.50305176
"60774",156138803.64447
"27390",1846879.33093262
"40276",10592199.2770691
"27387",1394145.7727356
"27388",696208.214569092
"27386",1541388.44366455
"36177",4557852.37918091
"27383",1363224.00405884
"27384",1340646.07543945
"40286",37499199.3058167
"36176",4890126.92193604
"27395",1802434.16702271
"15097",862507.752380371
"15098",6221941.35089111
"6896",22020225.4696655
"27392",1885543.57678223
"56882",51952383.1642151
"56887",20406153.3856201
"56888",30386361.8467407
"40500",21852779.9705811
"31457",35363966.9646912
"10973",15291226.5654297
"40518",4463633.12652588
"32169",6604142.31072998
"36421",2031812.97625732
"32167",4713791.03237915
"36420",2711546.03955078
"40512",7776926.94119263
"36417",3024155.61801147
"32182",11541712.900116
"40457",19900653.5002441
"32175",9019949.22232056
"65059",154264187.01532
"32185",29650382.8667908
"77381",70574682.7339783
"32195",27960550.8866272
"28102",76318065.8573914
"69190",156678827.273041
"24005",23898578.1383972
"44578",74630198.8685608
"89615",21556418.3526611
"11704",48111433.1660461
"73223",37283130.7644958
"32150",5581330.08761597
"89625",16795712.7090759
"28049",19683843.2970886
"44534",5612682.65008545
"32157",3133601.78460693
"32155",1616698.45907593
"52729",19135747.8624573
"93675",95631757.8042908
"56835",19418186.660553
"40431",2456756.1473999
"40432",3606221.07623291
"32161",2691551.83013916
"81390",45766517.0764771
"32162",1834937.51318359
"23973",73047556.4241638
"40442",13964404.0197754
"19878",23578321.3443604
"40451",9922310.37069702
"52679",42458701.7706909
"85487",36671335.6469727
"40447",6731284.44094849
"40448",6879863.96987915
"60880",43227674.6562805
"48584",190447949.174683
"15725",80185869.4864807
"11682",45084535.5523071
"23925",22722284.103302
"28015",12507505.0188293
"7584",21694030.7437439
"60888",33206099.9193115
"69106",16742997.9772644
"101911",47487483.9010925
"73211",8592187.23907471
"101912",939348.337310791
"44510",15327281.671936
"105963",1181129.9463501
"44503",7359022.54293823
"105964",3277423.95492554
"56493",57460915.7485657
"44504",1121593.33517456
"105961",1303775.05761719
"44517",30582078.6641846
"105962",489105.961791992
"81354",20855267.1532898
"105960",1043270.58810425
"36311",68986119.2147827
"81363",122804045.898102
"60593",26087305.4067993
"44204",16843078.8738098
"23881",7639086.24588013
"15744",241593734.411438
"23894",14423255.133606
"105975",15884493.5133057
"60613",52711372.9056702
"85474",67374067.5726624
"15699",109913177.438599
"11601",29210939.92276
"44215",17821817.218811
"23896",12901841.4094238
"28004",27719533.26828
"23907",43833512.5882874
"40133",10342970.1407471
"44226",25482494.4051819
"15714",117202581.075409
"48278",48045060.5914917
"35981",44001905.5131836
"97471",13919693.5724792
"72894",63796725.3060913
"60578",59248059.9441833
"24123",2483396.46652222
"109742",10085053.1754761
"28216",16710507.5849915
"24122",1302137.34463501
"44197",15181956.7616272
"3635",8411064.5010376
"109750",9033066.24441528
"35994",2162195.41970825
"109748",1712317.0760498
"44194",8144880.64260864
"35992",10454612.2148132
"3632",12982275.7525635
"109744",3362550.88397217
"48244",27874312.9377441
"97440",100703571.283386
"48239",27345877.7055359
"35944",10322554.8842163
"89198",104145280.888245
"76959",144541712.213898
"32235",28060300.4553223
"28142",1018056.2930603
"28139",1054728.86871338
"28140",1695717.73434448
"3614",13344079.5421753
"35971",33390111.1116333
"28137",812915.676452637
"28138",265184.364532471
"28135",1029690.79025269
"28136",1011885.35153198
"15853",13294432.0985413
"35917",1978029.02996826
"35918",1650661.1887207
"15851",4451955.03390503
"3619",19570926.0391541
"48209",12072733.8081055
"35916",2619053.61834717
"28146",1619791.53656006
"15849",1592458.11410522
"28143",1029956.98171997
"15850",1340100.15261841
"28144",1522088.3666687
"28156",5728336.62734985
"40018",1148224.55438232
"28154",4404952.74627686
"35921",5899740.17419434
"35919",1884604.78393555
"52319",57110641.3755493
"35931",9697521.34158325
"35929",7373074.18048096
"35941",10323442.3030396
"64815",42010451.256134
"48427",20316906.5455017
"40031",13202043.1733704
"24009",37334536.5796814
"15871",38289086.0557251
"89175",155949000.993256
"19913",56156752.7465515
"40246",26605539.0341492
"40242",42167535.9793396
"28134",1093815.6048584
"56587",9775471.68695068
"44356",180922029.785645
"56586",4094738.42950439
"7646",38987287.6017456
"40259",10878684.2349243
"24032",362084257.33429
"31912",3185080.43881226
"36162",6024915.97793579
"56591",18955948.5307007
"31921",9815501.0140686
"19633",25073967.0549011
"31928",8154721.92425537
"68924",27548685.2582092
"52518",33454168.0864563
"81163",13897938.4150391
"60649",36221476.1947327
"48420",114963544.285645
"81164",7539518.47982788
"23750",37174511.1964722
"68930",75498382.5854797
"23744",90398495.8641663
"7354",29699349.2478333
"93463",99320262.7763672
"27797",6473718.34353638
"23690",72949854.1603088
"27796",15257306.8139648
"56571",60618214.0278625
"52473",18311257.492981
"40180",1934183.91564941
"44284",5653703.56838989
"31908",4084186.83953857
"19611",2195646.66159058
"44282",11279094.5722351
"31905",1627240.05569458
"19612",2787275.97439575
"40188",11338815.9962463
"31906",2048855.78219604
"31903",1796527.25158691
"31904",1086310.00323486
"68897",95010788.0805969
"105736",10626208.1488342
"60630",20118563.458313
"40196",5566061.33358765
"19618",19570319.2409058
"23662",57424975.9138489
"60635",22736780.026001
"27763",17336751.8666687
"27764",4035596.05023193
"23669",22834672.7481079
"11424",30196849.0414734
"68857",2387231.95196533
"68858",6510727.00579834
"105709",321912.688018799
"105710",1350412.92138672
"44247",16575976.70047
"105715",13717199.0739746
"44255",8014711.9576416
"63407",48012731.1333923
"105713",2193855.46603394
"36067",68970776.857605
"23627",6997619.68893433
"105711",792736.20916748
"105712",963453.152069092
"47015",36542738.8270264
"11393",54362027.4551392
"105726",8850855.86679077
"23635",10109195.2144775
"59329",57661042.1122742
"105727",7086086.1015625
"42939",2778759.06915283
"42940",5751630.26638794
"23641",9435867.01199341
"15440",77883111.8453064
"42949",16693270.5224304
"32045",69214981.9242249
"59285",148452325.194977
"96188",66032942.5713501
"42944",14414087.3427429
"11361",34606541.2798157
"63383",135694264.5177
"71601",65808125.9707031
"63397",20691497.8665466
"63398",18588093.8340454
"34695",19334611.0321655
"15656",91499860.5844421
"34710",23591920.182251
"42905",26163528.4305115
"38812",48675640.7772827
"27971",60515455.3910828
"47011",26228699.5292664
"23875",8459123.11270142
"51053",23167439.95755
"34714",13729785.1296997
"23873",2228694.18127441
"15672",33961940.8257446
"3375",16020235.4009705
"23872",843589.65335083
"108463",6599202.26669312
"42912",1225351.80038452
"46954",9325301.73883057
"27911",17390141.3938599
"38766",4226509.67147827
"34720",49329264.1647949
"83865",18977254.4632568
"38761",3366067.98440552
"34670",4534318.70135498
"46964",24365335.6416016
"38762",8700480.84039307
"34667",4724832.14559937
"51056",30703236.5190125
"34668",3369933.32559204
"38760",1553093.75622559
"32028",41796774.8819275
"7436",29232037.2044678
"38769",3986352.10244751
"46972",24950463.9524231
"34676",4897513.00579834
"27930",32316908.3647156
"34673",3247958.38217163
"3337",8217624.96032715
"46981",30667276.985321
"34672",4196011.10696411
"38778",25153900.5100708
"32032",17980183.0529785
"34682",5020812.59716797
"46976",23385938.6630554
"34679",6549436.61444092
"27885",608154.080474854
"27886",1254771.54476929
"27883",836739.577056885
"27884",982164.387390137
"51029",58889571.093689
"27894",1103270.22662354
"27891",1251906.0854187
"27892",885730.900238037
"27889",1156261.77822876
"27890",2077319.70574951
"108454",2404207.5269165
"27887",1055024.71176147
"27888",733084.759338379
"27902",4898768.40933228
"7401",32002957.2098999
"38738",11385339.7151794
"27897",3170178.95410156
"42846",47894706.742157
"38736",8179152.13296509
"27895",2180974.73239136
"51046",60485782.3431702
"15600",1208192.54681396
"27908",9895316.73361206
"7410",42375014.1465759
"31949",46402433.1426086
"38758",2802529.26425171
"38753",5761891.21856689
"34662",2967459.57949829
"38752",3679720.7232666
"38958",16432712.4937744
"38953",10630668.3809204
"3334",5807739.76358032
"51258",42169961.9283752
"75619",189412248.653809
"19678",23680725.2758789
"79712",162682406.489441
"7379",16025283.5602417
"79915",25389658.0682678
"38967",13407355.9667664
"7375",37935075.0463562
"79911",8101979.85968018
"43021",10456647.8808289
"30645",336015.841705322
"30646",1733816.3934021
"34882",40188829.0689392
"43030",16596500.8545837
"30653",1392931.72454834
"26546",112429683.175781
"30654",2411954.16021729
"30651",768902.339355469
"30652",830419.041503906
"51228",31459077.3013
"30649",844883.581604004
"30650",1116314.25744629
"30647",798287.424346924
"30648",851192.927642822
"55331",12148868.3764038
"30661",2742200.74179077
"55329",10549093.0284424
"14255",282869632.15979
"38939",9469716.26208496
"26563",208995079.414429
"26564",336253187.985962
"51182",3862813.92376709
"6078",13273061.2649841
"10170",34975331.0664673
"51177",76336574.5000916
"10181",35238379.6474304
"22421",1479772.32443237
"22422",7632179.77096558
"22419",12223558.2354736
"67601",8329546.12646484
"22420",1982716.86315918
"67602",10090107.1760864
"67599",29341446.0009766
"43011",22496614.5532227
"96249",26593461.3569336
"14241",34221929.6374512
"47047",25358766.3789062
"10144",45952507.9502563
"14184",27277169.0334473
"10089",13456161.9534149
"51162",241986693.898956
"26492",34908652.1819153
"22395",39678679.728302
"10096",20703427.9974365
"75725",1321206.62759399
"75726",332513.8565979
"75724",2403080.00286865
"71629",37741230.5124817
"75721",6631156.41809082
"63153",48604577.2446594
"75722",2765471.8737793
"96225",84102597.8199158
"75727",289539.152404785
"26450",83819731.6072693
"46770",21372306.7411804
"34486",16401442.7664795
"50872",296596092.670868
"14161",56651690.5620117
